Protocol,Mode,Scenario,Run,Seed,N,Slots,OnsetSlot,Algorithm,BudgetFraction,MeanSatisfaction,PreOnsetMeanSatisfaction,PostOnsetMeanSatisfaction,OnsetWindowMeanSatisfaction,TotalMigrations,PostOnsetMigrations,MigrationMB,PostOnsetMigrationMB,MeanAdmittedTasks,MeanRejectedTasks,PostMeanAdmittedTasks,PostMeanRejectedTasks,RuntimeSec,RepairOverrides,MaxBudgetExcess,CandidateEvaluations,AcceptedMoves,BudgetActiveSlots
paper2_revision_v2_20260731,ABLATION,compute_hotspot,1,2026074101,180,200,51,BudgetedLNS,0.05,61.5361111111111,56.4,63.2481481481482,63.7777777777778,490,419,1046.7646,668.1956,142.59,37.41,139.213333333333,40.7866666666667,62.9159721,1,2,21173,448,3
paper2_revision_v2_20260731,ABLATION,compute_hotspot,1,2026074101,180,200,51,LNSColdStart,0.05,57.0527777777778,49.3666666666667,59.6148148148148,59.1944444444444,9606,7252,15211.6856,10405.339,142.605,37.395,139.14,40.86,30.7937128,199,53,57,9,200
paper2_revision_v2_20260731,ABLATION,compute_hotspot,1,2026074101,180,200,51,LNSGlobalPool,0.05,68.0916666666667,61.8222222222222,70.1814814814815,69.6666666666667,440,347,789.937800000001,459.3578,142.525,37.475,139.086666666667,40.9133333333333,306.8156784,1,7,111709,434,6
paper2_revision_v2_20260731,ABLATION,compute_hotspot,1,2026074101,180,200,51,LNSNoGuard,0.05,62.1138888888889,55.5333333333333,64.3074074074074,66.1666666666667,347,280,799.2978,453.25,142.61,37.39,139.22,40.78,68.4095178,0,12,21603,318,5
paper2_revision_v2_20260731,ABLATION,compute_hotspot,2,2026074102,180,200,51,BudgetedLNS,0.05,65.575,56.0333333333333,68.7555555555556,69.5833333333333,109,49,358.186400000001,57.6687999999999,142.5,37.5,139.0,41.0,53.303057,1,1,21586,94,0
paper2_revision_v2_20260731,ABLATION,compute_hotspot,2,2026074102,180,200,51,LNSColdStart,0.05,54.3833333333333,45.7333333333333,57.2666666666667,57.8333333333333,9437,7172,15136.6164,10450.4606,142.805,37.195,139.333333333333,40.6666666666667,25.8659512,199,50,108,0,199
paper2_revision_v2_20260731,ABLATION,compute_hotspot,2,2026074102,180,200,51,LNSGlobalPool,0.05,68.6583333333333,60.1888888888889,71.4814814814815,71.2222222222222,293,218,589.925200000001,270.6248,142.41,37.59,139.0,41.0,278.5231178,1,4,113725,283,0
paper2_revision_v2_20260731,ABLATION,compute_hotspot,2,2026074102,180,200,51,LNSNoGuard,0.05,65.575,56.0333333333333,68.7555555555556,69.5833333333333,109,49,358.186400000001,57.6687999999999,142.5,37.5,139.0,41.0,50.1210341,0,1,21600,94,0
paper2_revision_v2_20260731,ABLATION,compute_hotspot,3,2026074103,180,200,51,BudgetedLNS,0.05,62.7444444444444,54.1333333333333,65.6148148148148,63.8888888888889,152,96,517.2006,142.7442,142.265,37.735,138.76,41.24,63.6550644,1,1,21596,131,0
paper2_revision_v2_20260731,ABLATION,compute_hotspot,3,2026074103,180,200,51,LNSColdStart,0.05,52.2388888888889,47.6,53.7851851851852,53.5277777777778,9132,6946,14494.5118,9946.0492,142.91,37.09,139.533333333333,40.4666666666667,29.1890211,199,55,108,4,199
paper2_revision_v2_20260731,ABLATION,compute_hotspot,3,2026074103,180,200,51,LNSGlobalPool,0.05,68.9888888888889,62.2555555555556,71.2333333333333,71.1388888888889,250,164,586.749800000001,186.4118,142.415,37.585,139.0,41.0,318.2019719,1,4,113416,251,1
paper2_revision_v2_20260731,ABLATION,compute_hotspot,3,2026074103,180,200,51,LNSNoGuard,0.05,62.7444444444444,54.1333333333333,65.6148148148148,63.8888888888889,152,96,517.2006,142.7442,142.265,37.735,138.76,41.24,61.2370984,0,1,21601,131,0
paper2_revision_v2_20260731,ABLATION,compute_hotspot,4,2026074104,180,200,51,BudgetedLNS,0.05,63.2833333333333,54.9555555555556,66.0592592592593,65.4444444444444,134,80,407.033000000001,89.2574,142.535,37.465,139.0,41.0,58.3325916,0,0,21571,122,0
paper2_revision_v2_20260731,ABLATION,compute_hotspot,4,2026074104,180,200,51,LNSColdStart,0.05,51.1611111111111,44.0555555555556,53.5296296296296,53.4444444444444,10163,7597,16791.455,11008.5652,143.315,36.685,139.96,40.04,26.9902634,199,56,108,4,199
paper2_revision_v2_20260731,ABLATION,compute_hotspot,4,2026074104,180,200,51,LNSGlobalPool,0.05,67.8277777777778,61.0777777777778,70.0777777777778,69.8611111111111,300,210,624.636400000001,256.8216,142.43,37.57,139.0,41.0,290.4290338,1,5,113199,300,2
paper2_revision_v2_20260731,ABLATION,compute_hotspot,4,2026074104,180,200,51,LNSNoGuard,0.05,63.2833333333333,54.9555555555556,66.0592592592593,65.4444444444444,134,80,407.033000000001,89.2574,142.535,37.465,139.0,41.0,56.4674573,0,0,21601,122,0
paper2_revision_v2_20260731,ABLATION,compute_hotspot,5,2026074105,180,200,51,BudgetedLNS,0.05,55.2222222222222,50.8333333333333,56.6851851851852,55.0555555555556,421,330,999.593799999999,508.6626,142.51,37.49,139.02,40.98,68.5631924,1,1,21311,376,0
paper2_revision_v2_20260731,ABLATION,compute_hotspot,5,2026074105,180,200,51,LNSColdStart,0.05,42.9138888888889,39.0666666666667,44.1962962962963,44.8888888888889,9419,7051,15969.1492,10418.8684,142.945,37.055,139.58,40.42,30.6487342,199,56,108,4,199
paper2_revision_v2_20260731,ABLATION,compute_hotspot,5,2026074105,180,200,51,LNSGlobalPool,0.05,60.8888888888889,58.3777777777778,61.7259259259259,63.1388888888889,843,612,1669.3274,905.6394,142.4,37.6,138.993333333333,41.0066666666667,312.1221463,12,5,100069,797,25
paper2_revision_v2_20260731,ABLATION,compute_hotspot,5,2026074105,180,200,51,LNSNoGuard,0.05,55.1277777777778,50.8333333333333,56.5592592592593,55.0833333333333,423,332,1000.0584,509.1272,142.51,37.49,139.02,40.98,67.9131312,0,3,21601,381,3
paper2_revision_v2_20260731,ABLATION,compute_hotspot,6,2026074106,180,200,51,BudgetedLNS,0.05,58.0888888888888,53.0444444444445,59.7703703703703,60.3333333333333,210,137,549.112800000001,212.4902,142.44,37.56,139.0,41.0,48.2240713,1,4,21515,174,1
paper2_revision_v2_20260731,ABLATION,compute_hotspot,6,2026074106,180,200,51,LNSColdStart,0.05,45.3111111111111,37.1,48.0481481481482,47.4722222222222,9721,7425,16059.4856,10993.4946,143.065,36.935,139.733333333333,40.2666666666667,23.0961193,199,52,87,8,199
paper2_revision_v2_20260731,ABLATION,compute_hotspot,6,2026074106,180,200,51,LNSGlobalPool,0.05,61.7611111111111,57.8777777777778,63.0555555555556,62.5555555555556,579,423,976.408,598.4514,142.355,37.645,138.966666666667,41.0333333333333,240.674191,1,2,108429,548,10
paper2_revision_v2_20260731,ABLATION,compute_hotspot,6,2026074106,180,200,51,LNSNoGuard,0.05,57.3972222222222,53.1777777777778,58.8037037037037,59.5833333333333,237,172,510.746200000001,254.962,142.46,37.54,139.013333333333,40.9866666666667,47.9234675,0,4,21601,220,2
paper2_revision_v2_20260731,ABLATION,compute_hotspot,7,2026074107,180,200,51,BudgetedLNS,0.05,53.15,49.9888888888889,54.2037037037037,52.25,657,527,1393.5872,810.7412,142.525,37.475,139.146666666667,40.8533333333333,91.35392,5,3,21316,561,3
paper2_revision_v2_20260731,ABLATION,compute_hotspot,7,2026074107,180,200,51,LNSColdStart,0.05,50.4972222222222,43.7,52.762962962963,53.0277777777778,10876,8173,16490.779,11533.5622,142.655,37.345,139.133333333333,40.8666666666667,39.0475098,199,60,60,9,200
paper2_revision_v2_20260731,ABLATION,compute_hotspot,7,2026074107,180,200,51,LNSGlobalPool,0.05,61.2583333333334,59.2555555555556,61.9259259259259,61.6388888888889,918,732,1536.4336,1101.738,142.275,37.725,138.853333333333,41.1466666666667,376.9567623,12,3,101602,854,24
paper2_revision_v2_20260731,ABLATION,compute_hotspot,7,2026074107,180,200,51,LNSNoGuard,0.05,53.3138888888889,48.7666666666667,54.8296296296296,54.8611111111111,594,485,1284.1524,772.118,142.55,37.45,139.186666666667,40.8133333333333,87.6614965,0,13,21600,497,5
paper2_revision_v2_20260731,ABLATION,compute_hotspot,8,2026074108,180,200,51,BudgetedLNS,0.05,59.9444444444444,52.2333333333333,62.5148148148148,64.1666666666667,242,184,572.864,286.6162,142.375,37.625,138.913333333333,41.0866666666667,53.2284095,0,0,21467,232,1
paper2_revision_v2_20260731,ABLATION,compute_hotspot,8,2026074108,180,200,51,LNSColdStart,0.05,50.1611111111111,42.6666666666667,52.6592592592593,52.75,8389,6434,13853.2816,9697.7096,143.13,36.87,139.78,40.22,26.2484695,199,46,83,8,199
paper2_revision_v2_20260731,ABLATION,compute_hotspot,8,2026074108,180,200,51,LNSGlobalPool,0.05,68.3027777777777,60.6666666666667,70.8481481481481,69.4166666666667,264,179,555.815000000001,224.2376,142.4,37.6,138.973333333333,41.0266666666667,269.1299041,3,6,112514,252,4
paper2_revision_v2_20260731,ABLATION,compute_hotspot,8,2026074108,180,200,51,LNSNoGuard,0.05,60.6833333333334,52.2444444444444,63.4962962962963,64.2777777777778,203,146,506.5688,222.0464,142.365,37.635,138.9,41.1,55.6206441,0,4,21601,197,4
paper2_revision_v2_20260731,ABLATION,compute_hotspot,9,2026074109,180,200,51,BudgetedLNS,0.05,62.0666666666667,54.0111111111111,64.7518518518518,64.25,303,205,768.646999999999,317.8726,142.545,37.455,139.1,40.9,71.6169627,0,0,21526,285,2
paper2_revision_v2_20260731,ABLATION,compute_hotspot,9,2026074109,180,200,51,LNSColdStart,0.05,54.3444444444445,47.1,56.7592592592593,56.7222222222222,10332,7839,16445.3178,11197.17,142.765,37.235,139.313333333333,40.6866666666667,31.8471253,199,59,108,3,199
paper2_revision_v2_20260731,ABLATION,compute_hotspot,9,2026074109,180,200,51,LNSGlobalPool,0.05,66.9611111111111,60.9888888888889,68.9518518518519,68.75,442,341,1042.4038,507.734,142.425,37.575,139.0,41.0,364.5847327,2,5,112391,413,3
paper2_revision_v2_20260731,ABLATION,compute_hotspot,9,2026074109,180,200,51,LNSNoGuard,0.05,62.0666666666667,54.0111111111111,64.7518518518518,64.25,303,205,768.646999999999,317.8726,142.545,37.455,139.1,40.9,81.4788814000001,0,0,21603,285,2
paper2_revision_v2_20260731,ABLATION,compute_hotspot,10,2026074110,180,200,51,BudgetedLNS,0.05,61.7444444444444,52.9555555555555,64.674074074074,64.7777777777778,245,127,737.4694,189.2638,142.485,37.515,139.066666666667,40.9333333333333,59.3495906,0,0,21483,230,1
paper2_revision_v2_20260731,ABLATION,compute_hotspot,10,2026074110,180,200,51,LNSColdStart,0.05,49.0944444444445,43.7,50.8925925925926,50.7222222222222,10242,7853,16481.6702,11398.5068,142.905,37.095,139.6,40.4,26.4826319,199,56,82,8,199
paper2_revision_v2_20260731,ABLATION,compute_hotspot,10,2026074110,180,200,51,LNSGlobalPool,0.05,63.8472222222222,57.3888888888889,66.0,64.75,700,438,1762.4874,617.3646,142.37,37.63,139.006666666667,40.9933333333333,278.8981255,4,7,106402,673,16
paper2_revision_v2_20260731,ABLATION,compute_hotspot,10,2026074110,180,200,51,LNSNoGuard,0.05,61.7444444444444,52.9555555555555,64.674074074074,64.7777777777778,245,127,737.4694,189.2638,142.485,37.515,139.066666666667,40.9333333333333,56.2000903,0,0,21602,230,1
paper2_revision_v2_20260731,ABLATION,compute_hotspot,11,2026074111,180,200,51,BudgetedLNS,0.05,56.5888888888889,47.8444444444445,59.5037037037037,56.6666666666667,350,257,866.662599999999,430.4876,142.485,37.515,139.1,40.9,65.5152809,3,5,21353,317,3
paper2_revision_v2_20260731,ABLATION,compute_hotspot,11,2026074111,180,200,51,LNSColdStart,0.05,48.275,39.5555555555556,51.1814814814815,51.2222222222222,9852,7406,15738.4342,10569.5198,142.815,37.185,139.373333333333,40.6266666666667,29.1361375,199,56,108,2,199
paper2_revision_v2_20260731,ABLATION,compute_hotspot,11,2026074111,180,200,51,LNSGlobalPool,0.05,63.3722222222222,58.4222222222222,65.0222222222222,64.9722222222222,647,511,1105.9408,775.1716,142.37,37.63,139.0,41.0,332.0680438,7,6,108035,614,11
paper2_revision_v2_20260731,ABLATION,compute_hotspot,11,2026074111,180,200,51,LNSNoGuard,0.05,57.2194444444444,47.8222222222222,60.3518518518519,60.3888888888889,334,214,834.9442,344.3506,142.46,37.54,139.086666666667,40.9133333333333,69.6250360000001,0,18,21600,312,5
paper2_revision_v2_20260731,ABLATION,compute_hotspot,12,2026074112,180,200,51,BudgetedLNS,0.05,63.2888888888889,57.1111111111111,65.3481481481482,65.4166666666667,135,55,472.2032,82.9522,142.595,37.405,139.106666666667,40.8933333333333,63.3554611,0,0,21527,126,2
paper2_revision_v2_20260731,ABLATION,compute_hotspot,12,2026074112,180,200,51,LNSColdStart,0.05,53.9583333333333,46.0666666666667,56.5888888888889,57.1388888888889,9771,7342,15636.2064,10649.2156,143.025,36.975,139.633333333333,40.3666666666667,30.8443727,199,52,73,9,200
paper2_revision_v2_20260731,ABLATION,compute_hotspot,12,2026074112,180,200,51,LNSGlobalPool,0.05,66.3972222222222,60.5,68.362962962963,65.3888888888889,598,318,1901.03,431.22,142.5,37.5,139.113333333333,40.8866666666667,313.5106068,6,10,106078,571,16
paper2_revision_v2_20260731,ABLATION,compute_hotspot,12,2026074112,180,200,51,LNSNoGuard,0.05,62.3638888888889,58.4888888888889,63.6555555555556,63.0277777777778,101,63,333.6946,95.76,142.555,37.445,139.106666666667,40.8933333333333,66.4095922,0,1,21600,84,1
paper2_revision_v2_20260731,ABLATION,compute_hotspot,13,2026074113,180,200,51,BudgetedLNS,0.05,64.4777777777778,56.5666666666666,67.1148148148148,64.7777777777778,130,83,373.9076,129.2726,142.555,37.445,139.066666666667,40.9333333333333,58.6054856,0,0,21543,113,1
paper2_revision_v2_20260731,ABLATION,compute_hotspot,13,2026074113,180,200,51,LNSColdStart,0.05,50.6138888888889,45.2888888888889,52.3888888888889,53.6944444444444,9403,7186,15979.9026,10945.4404,143.16,36.84,139.86,40.14,27.8546078,199,51,108,5,199
paper2_revision_v2_20260731,ABLATION,compute_hotspot,13,2026074113,180,200,51,LNSGlobalPool,0.05,68.4805555555556,61.6555555555556,70.7555555555555,70.1944444444444,290,209,624.043400000001,251.1146,142.435,37.565,139.0,41.0,292.4881743,1,8,112454,288,3
paper2_revision_v2_20260731,ABLATION,compute_hotspot,13,2026074113,180,200,51,LNSNoGuard,0.05,64.4777777777778,56.5666666666666,67.1148148148148,64.7777777777778,130,83,373.9076,129.2726,142.555,37.445,139.066666666667,40.9333333333333,57.8385812,0,0,21601,113,1
paper2_revision_v2_20260731,ABLATION,compute_hotspot,14,2026074114,180,200,51,BudgetedLNS,0.05,61.8694444444445,55.5333333333333,63.9814814814815,63.75,204,128,676.077799999999,218.8604,142.505,37.495,139.0,41.0,97.5805929,2,2,21572,162,1
paper2_revision_v2_20260731,ABLATION,compute_hotspot,14,2026074114,180,200,51,LNSColdStart,0.05,54.5416666666667,47.5777777777778,56.862962962963,56.0555555555556,9334,7003,15687.6026,10439.5708,142.995,37.005,139.52,40.48,42.9062491,199,59,108,2,199
paper2_revision_v2_20260731,ABLATION,compute_hotspot,14,2026074114,180,200,51,LNSGlobalPool,0.05,69.4055555555556,62.1333333333333,71.8296296296296,71.3888888888889,367,231,956.014000000001,298.032,142.43,37.57,139.0,41.0,454.3999404,2,3,112496,362,4
paper2_revision_v2_20260731,ABLATION,compute_hotspot,14,2026074114,180,200,51,LNSNoGuard,0.05,63.6833333333333,54.2444444444445,66.8296296296296,66.1944444444444,142,36,631.1612,61.119,142.57,37.43,139.0,41.0,89.4448996,0,3,21600,132,4
paper2_revision_v2_20260731,ABLATION,compute_hotspot,15,2026074115,180,200,51,BudgetedLNS,0.05,57.3333333333333,47.9555555555555,60.4592592592593,61.25,308,198,999.0222,305.7948,142.705,37.295,139.26,40.74,65.8969743,0,0,21401,286,2
paper2_revision_v2_20260731,ABLATION,compute_hotspot,15,2026074115,180,200,51,LNSColdStart,0.05,48.0583333333334,40.7,50.5111111111111,50.6666666666667,8444,6542,14413.965,9937.8044,143.23,36.77,139.813333333333,40.1866666666667,28.4076039,199,49,89,7,199
paper2_revision_v2_20260731,ABLATION,compute_hotspot,15,2026074115,180,200,51,LNSGlobalPool,0.05,67.0416666666666,59.1222222222222,69.6814814814814,68.3888888888889,328,225,631.271200000001,263.79,142.365,37.635,138.946666666667,41.0533333333333,324.2085294,2,12,112256,309,5
paper2_revision_v2_20260731,ABLATION,compute_hotspot,15,2026074115,180,200,51,LNSNoGuard,0.05,56.6333333333333,47.9555555555555,59.5259259259259,61.25,267,157,931.267,238.0396,142.715,37.285,139.273333333333,40.7266666666667,68.5561534,0,10,21607,247,2
paper2_revision_v2_20260731,ABLATION,compute_hotspot,16,2026074116,180,200,51,BudgetedLNS,0.05,62.4277777777778,56.8,64.3037037037037,62.5277777777778,391,317,922.342599999999,496.1864,142.485,37.515,139.013333333333,40.9866666666667,56.562471,3,5,21351,325,4
paper2_revision_v2_20260731,ABLATION,compute_hotspot,16,2026074116,180,200,51,LNSColdStart,0.05,47.4361111111111,43.9,48.6148148148148,48.3055555555556,9021,6912,14317.4148,10086.4656,143.195,36.805,139.74,40.26,27.4026112,199,51,108,2,199
paper2_revision_v2_20260731,ABLATION,compute_hotspot,16,2026074116,180,200,51,LNSGlobalPool,0.05,60.2777777777778,57.8,61.1037037037037,61.3611111111111,935,794,1644.0108,1230.6116,142.365,37.635,138.813333333333,41.1866666666667,261.7615098,10,7,102423,875,22
paper2_revision_v2_20260731,ABLATION,compute_hotspot,16,2026074116,180,200,51,LNSNoGuard,0.05,62.5027777777778,56.8,64.4037037037037,62.5555555555556,270,196,720.537,294.3808,142.485,37.515,139.013333333333,40.9866666666667,56.4116966,0,5,21604,240,3
paper2_revision_v2_20260731,ABLATION,compute_hotspot,17,2026074117,180,200,51,BudgetedLNS,0.05,57.8277777777778,47.9555555555556,61.1185185185186,56.8611111111111,509,349,1505.2568,558.367,142.76,37.24,139.406666666667,40.5933333333333,65.2951769999999,0,0,21186,462,6
paper2_revision_v2_20260731,ABLATION,compute_hotspot,17,2026074117,180,200,51,LNSColdStart,0.05,49.125,41.5444444444445,51.6518518518518,52.7777777777778,10126,7689,16404.384,11195.1732,142.995,37.005,139.64,40.36,30.0230286,199,58,58,9,200
paper2_revision_v2_20260731,ABLATION,compute_hotspot,17,2026074117,180,200,51,LNSGlobalPool,0.05,63.4361111111111,54.3444444444444,66.4666666666666,65.6111111111111,823,516,2395.5746,749.955,142.52,37.48,139.12,40.88,292.0494921,14,10,100559,778,27
paper2_revision_v2_20260731,ABLATION,compute_hotspot,17,2026074117,180,200,51,LNSNoGuard,0.05,57.475,47.3444444444444,60.8518518518518,59.5555555555556,527,338,1573.748,536.4014,142.74,37.26,139.346666666667,40.6533333333333,68.7627993,0,5,21609,500,9
paper2_revision_v2_20260731,ABLATION,compute_hotspot,18,2026074118,180,200,51,BudgetedLNS,0.05,62.1083333333334,52.3777777777778,65.3518518518519,65.5833333333333,203,153,567.762,248.0598,142.64,37.36,139.14,40.86,55.5974618,1,9,21547,186,1
paper2_revision_v2_20260731,ABLATION,compute_hotspot,18,2026074118,180,200,51,LNSColdStart,0.05,50.5222222222222,44.3555555555556,52.5777777777778,53.0,9390,7180,15205.3064,10543.8958,143.05,36.95,139.746666666667,40.2533333333333,25.1052626,199,55,75,9,200
paper2_revision_v2_20260731,ABLATION,compute_hotspot,18,2026074118,180,200,51,LNSGlobalPool,0.05,65.9555555555556,59.9111111111111,67.9703703703703,68.5555555555556,578,479,1089.8404,672.1796,142.375,37.625,138.933333333333,41.0666666666667,271.5404602,3,4,107682,541,10
paper2_revision_v2_20260731,ABLATION,compute_hotspot,18,2026074118,180,200,51,LNSNoGuard,0.05,63.1222222222222,53.4555555555555,66.3444444444444,66.1666666666667,121,55,441.2102,90.9154,142.53,37.47,139.0,41.0,54.3640167,0,0,21600,115,1
paper2_revision_v2_20260731,ABLATION,compute_hotspot,19,2026074119,180,200,51,BudgetedLNS,0.05,52.5638888888889,51.0,53.0851851851852,55.4444444444444,409,283,1136.4578,433.5412,142.995,37.005,139.586666666667,40.4133333333333,64.6520184,2,1,21406,358,2
paper2_revision_v2_20260731,ABLATION,compute_hotspot,19,2026074119,180,200,51,LNSColdStart,0.05,50.7666666666667,46.7444444444445,52.1074074074074,52.9722222222222,9300,7048,15071.1846,10386.8164,142.79,37.21,139.36,40.64,28.383206,199,51,108,1,199
paper2_revision_v2_20260731,ABLATION,compute_hotspot,19,2026074119,180,200,51,LNSGlobalPool,0.05,65.4166666666667,56.8555555555555,68.2703703703704,66.2777777777778,336,212,512.734,216.4748,142.5,37.5,138.973333333333,41.0266666666667,313.4569859,1,2,113051,330,4
paper2_revision_v2_20260731,ABLATION,compute_hotspot,19,2026074119,180,200,51,LNSNoGuard,0.05,52.0472222222222,50.5555555555556,52.5444444444445,53.2222222222222,398,257,1068.0996,374.7452,143.005,36.995,139.586666666667,40.4133333333333,66.7964098,0,1,21605,368,1
paper2_revision_v2_20260731,ABLATION,compute_hotspot,20,2026074120,180,200,51,BudgetedLNS,0.05,54.4555555555556,54.7333333333333,54.362962962963,55.6388888888889,330,238,776.933799999999,402.682,142.57,37.43,139.033333333333,40.9666666666667,60.6623073,3,1,21488,281,2
paper2_revision_v2_20260731,ABLATION,compute_hotspot,20,2026074120,180,200,51,LNSColdStart,0.05,50.7055555555556,45.4333333333334,52.4629629629629,52.6944444444445,9417,7255,15965.355,10831.5694,143.09,36.91,139.673333333333,40.3266666666667,25.4320351,199,51,108,6,199
paper2_revision_v2_20260731,ABLATION,compute_hotspot,20,2026074120,180,200,51,LNSGlobalPool,0.05,66.2666666666667,59.4,68.5555555555556,67.8611111111111,471,332,841.6952,471.302,142.48,37.52,138.973333333333,41.0266666666667,279.657512,4,4,111056,453,7
paper2_revision_v2_20260731,ABLATION,compute_hotspot,20,2026074120,180,200,51,LNSNoGuard,0.05,54.6888888888889,54.4444444444444,54.7703703703704,56.1388888888889,243,154,714.632199999999,258.7438,142.59,37.41,139.013333333333,40.9866666666667,58.8374226,0,5,21600,190,1
paper2_revision_v2_20260731,ABLATION,compute_hotspot,21,2026074121,180,200,51,BudgetedLNS,0.05,62.7138888888889,55.7666666666667,65.0296296296296,66.3888888888889,504,420,1124.5414,706.7508,142.62,37.38,139.186666666667,40.8133333333333,58.5232107,1,5,20909,479,7
paper2_revision_v2_20260731,ABLATION,compute_hotspot,21,2026074121,180,200,51,LNSColdStart,0.05,54.3361111111111,47.8222222222222,56.5074074074074,56.1111111111111,10983,8444,17033.0888,12160.4096,142.81,37.19,139.406666666667,40.5933333333333,27.4005236,199,59,102,6,199
paper2_revision_v2_20260731,ABLATION,compute_hotspot,21,2026074121,180,200,51,LNSGlobalPool,0.05,68.4555555555556,61.3333333333333,70.8296296296297,70.8888888888889,298,177,845.055000000001,224.7684,142.52,37.48,139.053333333333,40.9466666666667,304.3831187,1,5,113062,289,3
paper2_revision_v2_20260731,ABLATION,compute_hotspot,21,2026074121,180,200,51,LNSNoGuard,0.05,61.2027777777778,54.7111111111111,63.3666666666667,65.4444444444444,481,405,1066.075,673.902,142.655,37.345,139.253333333333,40.7466666666667,61.7884503,0,9,21602,449,9
paper2_revision_v2_20260731,ABLATION,compute_hotspot,22,2026074122,180,200,51,BudgetedLNS,0.05,61.1,52.5666666666667,63.9444444444444,63.6111111111111,278,196,899.398399999998,337.183,142.55,37.45,139.14,40.86,44.2381526,0,0,21591,253,0
paper2_revision_v2_20260731,ABLATION,compute_hotspot,22,2026074122,180,200,51,LNSColdStart,0.05,53.1055555555556,45.6777777777778,55.5814814814815,54.75,8701,6510,14985.1344,9708.3966,142.81,37.19,139.426666666667,40.5733333333333,20.351361,199,48,108,6,199
paper2_revision_v2_20260731,ABLATION,compute_hotspot,22,2026074122,180,200,51,LNSGlobalPool,0.05,69.7000000000001,62.0,72.2666666666667,71.6666666666667,308,199,789.171000000001,235.8514,142.415,37.585,139.0,41.0,215.8013431,1,7,112952,305,3
paper2_revision_v2_20260731,ABLATION,compute_hotspot,22,2026074122,180,200,51,LNSNoGuard,0.05,61.1,52.5666666666667,63.9444444444444,63.6111111111111,278,196,899.398399999998,337.183,142.55,37.45,139.14,40.86,43.4629448,0,0,21601,253,0
paper2_revision_v2_20260731,ABLATION,compute_hotspot,23,2026074123,180,200,51,BudgetedLNS,0.05,61.1833333333333,54.9,63.2777777777778,61.5555555555556,193,140,555.485,224.6342,142.645,37.355,139.226666666667,40.7733333333333,63.8389884,1,1,21568,177,0
paper2_revision_v2_20260731,ABLATION,compute_hotspot,23,2026074123,180,200,51,LNSColdStart,0.05,53.5388888888889,46.8888888888889,55.7555555555555,55.5833333333333,8991,6868,14833.3742,10384.8184,143.12,36.88,139.7,40.3,30.9384695,199,57,108,2,199
paper2_revision_v2_20260731,ABLATION,compute_hotspot,23,2026074123,180,200,51,LNSGlobalPool,0.05,67.4777777777778,60.9,69.6703703703704,67.75,232,180,357.4428,197.0964,142.375,37.625,138.98,41.02,311.6892944,1,1,113433,227,2
paper2_revision_v2_20260731,ABLATION,compute_hotspot,23,2026074123,180,200,51,LNSNoGuard,0.05,61.1833333333333,54.9,63.2777777777778,61.5555555555556,193,140,555.485,224.6342,142.645,37.355,139.226666666667,40.7733333333333,59.7799959,0,1,21600,177,0
paper2_revision_v2_20260731,ABLATION,compute_hotspot,24,2026074124,180,200,51,BudgetedLNS,0.05,65.0638888888889,53.7,68.8518518518518,67.8888888888889,120,44,536.1212,73.9268,142.505,37.495,139.006666666667,40.9933333333333,55.4172856,1,1,21398,112,1
paper2_revision_v2_20260731,ABLATION,compute_hotspot,24,2026074124,180,200,51,LNSColdStart,0.05,49.5166666666667,43.0888888888889,51.6592592592593,50.5,9072,6888,14788.235,10094.826,143.26,36.74,139.92,40.08,25.7204407,199,49,47,8,199
paper2_revision_v2_20260731,ABLATION,compute_hotspot,24,2026074124,180,200,51,LNSGlobalPool,0.05,68.2805555555556,61.2,70.6407407407407,70.1944444444444,296,193,762.624200000001,228.4852,142.475,37.525,139.0,41.0,275.6310233,2,2,111676,284,5
paper2_revision_v2_20260731,ABLATION,compute_hotspot,24,2026074124,180,200,51,LNSNoGuard,0.05,65.0805555555555,53.7,68.8740740740741,68.0555555555555,120,44,536.1212,73.9268,142.505,37.495,139.006666666667,40.9933333333333,55.5702853,0,7,21601,112,2
paper2_revision_v2_20260731,ABLATION,compute_hotspot,25,2026074125,180,200,51,BudgetedLNS,0.05,63.05,54.3555555555555,65.9481481481481,66.5833333333333,130,92,362.0932,151.769,142.555,37.445,139.0,41.0,71.0708042000001,1,3,21459,105,2
paper2_revision_v2_20260731,ABLATION,compute_hotspot,25,2026074125,180,200,51,LNSColdStart,0.05,51.1833333333333,46.7666666666667,52.6555555555556,52.6388888888889,9920,7470,15772.326,10713.789,142.915,37.085,139.58,40.42,37.1993528,199,55,59,9,200
paper2_revision_v2_20260731,ABLATION,compute_hotspot,25,2026074125,180,200,51,LNSGlobalPool,0.05,67.1694444444444,61.2333333333333,69.1481481481481,69.1666666666667,358,244,752.059200000001,311.5036,142.405,37.595,138.973333333333,41.0266666666667,356.0208179,1,5,112801,340,2
paper2_revision_v2_20260731,ABLATION,compute_hotspot,25,2026074125,180,200,51,LNSNoGuard,0.05,63.0861111111111,54.3888888888889,65.9851851851852,66.7777777777778,151,105,421.9554,172.2084,142.555,37.445,139.0,41.0,65.2171431,0,3,21601,129,2
paper2_revision_v2_20260731,ABLATION,compute_hotspot,26,2026074126,180,200,51,BudgetedLNS,0.05,62.7305555555556,52.3555555555555,66.1888888888889,64.1111111111111,204,93,610.7726,146.5266,142.58,37.42,139.12,40.88,57.4505408,1,2,21283,201,3
paper2_revision_v2_20260731,ABLATION,compute_hotspot,26,2026074126,180,200,51,LNSColdStart,0.05,52.5416666666667,45.1888888888889,54.9925925925926,55.8888888888889,10555,7972,16369.6638,11462.4826,142.825,37.175,139.473333333333,40.5266666666667,31.1063307,199,56,108,3,199
paper2_revision_v2_20260731,ABLATION,compute_hotspot,26,2026074126,180,200,51,LNSGlobalPool,0.05,66.7583333333333,59.9444444444444,69.0296296296297,68.4722222222222,344,266,553.5434,342.4946,142.385,37.615,138.98,41.02,292.4731116,1,5,111935,335,3
paper2_revision_v2_20260731,ABLATION,compute_hotspot,26,2026074126,180,200,51,LNSNoGuard,0.05,59.1111111111111,51.8,61.5481481481482,59.8055555555556,449,299,1071.4034,448.2074,142.935,37.065,139.566666666667,40.4333333333333,60.1460665,0,4,21601,441,7
paper2_revision_v2_20260731,ABLATION,compute_hotspot,27,2026074127,180,200,51,BudgetedLNS,0.05,61.2777777777778,52.3888888888889,64.2407407407408,63.6944444444444,529,424,1237.65,621.080200000001,142.6,37.4,139.266666666667,40.7333333333333,63.7399413,2,6,21261,502,4
paper2_revision_v2_20260731,ABLATION,compute_hotspot,27,2026074127,180,200,51,LNSColdStart,0.05,50.3611111111111,44.4666666666667,52.3259259259259,51.8055555555556,10340,7929,16497.9546,11676.9564,142.905,37.095,139.62,40.38,27.9797129,199,57,108,4,199
paper2_revision_v2_20260731,ABLATION,compute_hotspot,27,2026074127,180,200,51,LNSGlobalPool,0.05,66.1111111111111,61.9111111111111,67.5111111111111,65.8888888888889,563,368,1624.9956,500.5682,142.485,37.515,139.046666666667,40.9533333333333,319.4723872,4,13,109519,526,11
paper2_revision_v2_20260731,ABLATION,compute_hotspot,27,2026074127,180,200,51,LNSNoGuard,0.05,61.1611111111112,52.3888888888889,64.0851851851852,63.6944444444444,472,367,1173.1458,556.576,142.505,37.495,139.14,40.86,66.0856878,0,8,21609,443,7
paper2_revision_v2_20260731,ABLATION,compute_hotspot,28,2026074128,180,200,51,BudgetedLNS,0.05,57.9333333333333,51.2666666666667,60.1555555555556,61.1666666666667,337,233,1026.6862,398.0366,143.045,36.955,139.7,40.3,64.6589142,1,5,21375,310,2
paper2_revision_v2_20260731,ABLATION,compute_hotspot,28,2026074128,180,200,51,LNSColdStart,0.05,49.8583333333333,42.8,52.2111111111111,51.6944444444444,10202,7717,16032.6592,10713.9316,143.075,36.925,139.653333333333,40.3466666666667,30.1843876,199,56,46,9,200
paper2_revision_v2_20260731,ABLATION,compute_hotspot,28,2026074128,180,200,51,LNSGlobalPool,0.05,67.3916666666667,60.3777777777778,69.7296296296296,69.1666666666667,596,283,1984.2616,358.8862,142.485,37.515,139.013333333333,40.9866666666667,311.3195611,7,14,106498,566,18
paper2_revision_v2_20260731,ABLATION,compute_hotspot,28,2026074128,180,200,51,LNSNoGuard,0.05,58.4583333333333,50.1888888888889,61.2148148148148,61.1666666666667,378,258,1135.7266,430.2222,142.915,37.085,139.573333333333,40.4266666666667,69.4150611,0,1,21604,353,4
paper2_revision_v2_20260731,ABLATION,compute_hotspot,29,2026074129,180,200,51,BudgetedLNS,0.05,61.8388888888889,51.6111111111111,65.2481481481482,64.8611111111111,427,270,1304.5716,420.0696,142.665,37.335,139.3,40.7,57.1678889,2,10,21356,405,4
paper2_revision_v2_20260731,ABLATION,compute_hotspot,29,2026074129,180,200,51,LNSColdStart,0.05,51.5027777777778,44.0222222222222,53.9962962962963,53.0555555555556,9615,7396,15194.379,10862.8306,143.11,36.89,139.82,40.18,26.6599739,199,54,108,4,199
paper2_revision_v2_20260731,ABLATION,compute_hotspot,29,2026074129,180,200,51,LNSGlobalPool,0.05,67.2444444444444,58.5222222222222,70.1518518518518,70.0833333333333,302,168,744.501200000001,211.2306,142.465,37.535,139.066666666667,40.9333333333333,288.3521688,5,4,110051,292,8
paper2_revision_v2_20260731,ABLATION,compute_hotspot,29,2026074129,180,200,51,LNSNoGuard,0.05,61.9138888888888,51.6111111111111,65.3481481481482,64.7222222222222,495,338,1418.9126,534.4106,142.68,37.32,139.32,40.68,59.7459156,0,17,21605,475,5
paper2_revision_v2_20260731,ABLATION,compute_hotspot,30,2026074130,180,200,51,BudgetedLNS,0.05,63.0472222222222,52.2888888888889,66.6333333333334,64.8055555555556,214,81,998.776199999999,134.7804,142.705,37.295,139.266666666667,40.7333333333333,94.5441326,1,1,21526,187,0
paper2_revision_v2_20260731,ABLATION,compute_hotspot,30,2026074130,180,200,51,LNSColdStart,0.05,51.05,45.4,52.9333333333333,52.7777777777778,9829,7587,15800.672,11020.1778,143.115,36.885,139.813333333333,40.1866666666667,46.6242248,199,54,108,4,199
paper2_revision_v2_20260731,ABLATION,compute_hotspot,30,2026074130,180,200,51,LNSGlobalPool,0.05,68.1000000000001,59.7888888888889,70.8703703703704,70.3333333333333,297,189,793.820400000001,223.5744,142.455,37.545,139.013333333333,40.9866666666667,458.3597391,1,6,111370,288,6
paper2_revision_v2_20260731,ABLATION,compute_hotspot,30,2026074130,180,200,51,LNSNoGuard,0.05,63.05,52.2888888888889,66.6370370370371,64.8333333333333,213,81,984.240999999999,134.7804,142.705,37.295,139.266666666667,40.7333333333333,96.4654217,0,1,21601,187,1
paper2_revision_v2_20260731,ABLATION,coupled_hotspot,1,2026076101,180,200,51,BudgetedLNS,0.05,59.5611111111111,53.0222222222222,61.7407407407408,60.9722222222222,319,216,789.155199999999,316.944,143.71,36.29,140.653333333333,39.3466666666667,35.5240604,2,6,21449,304,1
paper2_revision_v2_20260731,ABLATION,coupled_hotspot,1,2026076101,180,200,51,LNSColdStart,0.05,47.4611111111111,43.2777777777778,48.8555555555556,49.4444444444444,10097,7723,15910.4598,11204.0668,144.13,35.87,141.18,38.82,16.1625466,199,56,108,3,199
paper2_revision_v2_20260731,ABLATION,coupled_hotspot,1,2026076101,180,200,51,LNSGlobalPool,0.05,63.0166666666667,58.6,64.4888888888889,62.5833333333333,785,530,1958.134,745.244,143.695,36.305,140.6,39.4,166.1929632,6,6,104342,761,17
paper2_revision_v2_20260731,ABLATION,coupled_hotspot,1,2026076101,180,200,51,LNSNoGuard,0.05,59.3527777777778,53.0222222222222,61.462962962963,61.3611111111111,339,236,829.6356,357.4244,143.725,36.275,140.673333333333,39.3266666666667,36.982326,0,9,21603,318,2
paper2_revision_v2_20260731,ABLATION,coupled_hotspot,2,2026076102,180,200,51,BudgetedLNS,0.05,59.2527777777778,50.5555555555555,62.1518518518519,61.25,298,205,796.0674,277.0612,143.775,36.225,140.686666666667,39.3133333333333,36.2854582,1,2,21390,264,2
paper2_revision_v2_20260731,ABLATION,coupled_hotspot,2,2026076102,180,200,51,LNSColdStart,0.05,50.0444444444445,45.6888888888889,51.4962962962963,51.6388888888889,9516,7288,15232.894,10683.4552,144.16,35.84,141.16,38.84,15.9667822,199,51,108,2,199
paper2_revision_v2_20260731,ABLATION,coupled_hotspot,2,2026076102,180,200,51,LNSGlobalPool,0.05,63.1138888888889,59.4222222222222,64.3444444444445,63.1944444444444,542,452,964.933200000001,641.5202,143.46,36.54,140.446666666667,39.5533333333333,178.5796963,3,4,110078,529,7
paper2_revision_v2_20260731,ABLATION,coupled_hotspot,2,2026076102,180,200,51,LNSNoGuard,0.05,58.5138888888889,50.2666666666667,61.262962962963,59.3055555555555,383,232,1145.562,312.6976,143.765,36.235,140.72,39.28,35.4229322,0,5,21601,351,4
paper2_revision_v2_20260731,ABLATION,coupled_hotspot,3,2026076103,180,200,51,BudgetedLNS,0.05,63.1833333333333,53.6333333333333,66.3666666666667,65.7777777777778,211,72,1123.5584,104.3208,143.655,36.345,140.573333333333,39.4266666666667,36.2300052,0,0,21459,188,0
paper2_revision_v2_20260731,ABLATION,coupled_hotspot,3,2026076103,180,200,51,LNSColdStart,0.05,55.9555555555555,43.0777777777778,60.2481481481482,60.3055555555556,9331,7058,15894.5988,10335.3878,143.77,36.23,140.606666666667,39.3933333333333,17.167904,199,57,108,5,199
paper2_revision_v2_20260731,ABLATION,coupled_hotspot,3,2026076103,180,200,51,LNSGlobalPool,0.05,65.35,60.5666666666667,66.9444444444445,66.4444444444444,358,290,691.991800000001,373.9502,143.915,36.085,140.96,39.04,185.9551658,2,2,113535,348,3
paper2_revision_v2_20260731,ABLATION,coupled_hotspot,3,2026076103,180,200,51,LNSNoGuard,0.05,62.4722222222222,53.3888888888889,65.5,65.8055555555556,204,68,1115.4622,101.4008,143.72,36.28,140.66,39.34,35.7847276,0,1,21600,180,2
paper2_revision_v2_20260731,ABLATION,coupled_hotspot,4,2026076104,180,200,51,BudgetedLNS,0.05,60.0638888888889,52.7666666666667,62.4962962962963,63.6388888888889,329,255,763.9982,374.2806,143.895,36.105,140.86,39.14,34.3240905,1,2,21391,305,1
paper2_revision_v2_20260731,ABLATION,coupled_hotspot,4,2026076104,180,200,51,LNSColdStart,0.05,52.775,43.3555555555555,55.9148148148148,55.8333333333333,9649,7127,15577.4952,10576.8746,144.065,35.935,141.033333333333,38.9666666666667,15.6250708,199,55,108,4,199
paper2_revision_v2_20260731,ABLATION,coupled_hotspot,4,2026076104,180,200,51,LNSGlobalPool,0.05,64.2166666666667,60.4555555555556,65.4703703703704,65.9166666666667,645,483,1345.6154,694.0122,143.735,36.265,140.766666666667,39.2333333333333,160.6711104,3,3,106893,633,17
paper2_revision_v2_20260731,ABLATION,coupled_hotspot,4,2026076104,180,200,51,LNSNoGuard,0.05,60.5055555555555,53.7111111111111,62.7703703703704,61.8888888888889,227,138,659.1546,195.303,143.78,36.22,140.72,39.28,33.5846783,0,5,21602,202,1
paper2_revision_v2_20260731,ABLATION,coupled_hotspot,5,2026076105,180,200,51,BudgetedLNS,0.05,58.2083333333334,50.9555555555555,60.6259259259259,59.9444444444444,497,361,1208.3176,543.2374,143.755,36.245,140.7,39.3,32.2330644,4,1,21059,459,8
paper2_revision_v2_20260731,ABLATION,coupled_hotspot,5,2026076105,180,200,51,LNSColdStart,0.05,51.2972222222222,42.6,54.1962962962963,53.3888888888889,9585,7296,15333.5774,10349.8638,143.985,36.015,140.946666666667,39.0533333333333,15.2594569,199,56,57,8,199
paper2_revision_v2_20260731,ABLATION,coupled_hotspot,5,2026076105,180,200,51,LNSGlobalPool,0.05,62.8305555555555,58.6111111111111,64.237037037037,63.0833333333333,770,651,1348.1096,962.976000000001,143.66,36.34,140.666666666667,39.3333333333333,148.6316971,6,9,103591,731,24
paper2_revision_v2_20260731,ABLATION,coupled_hotspot,5,2026076105,180,200,51,LNSNoGuard,0.05,58.8,51.6777777777778,61.174074074074,62.4444444444444,437,328,1202.4254,489.2854,143.7,36.3,140.66,39.34,32.0054401,0,11,21606,409,6
paper2_revision_v2_20260731,ABLATION,coupled_hotspot,6,2026076106,180,200,51,BudgetedLNS,0.05,62.4472222222222,55.7555555555556,64.6777777777778,65.25,406,283,1260.1142,405.67,143.73,36.27,140.693333333333,39.3066666666667,30.8463462,1,8,21467,346,3
paper2_revision_v2_20260731,ABLATION,coupled_hotspot,6,2026076106,180,200,51,LNSColdStart,0.05,52.8194444444444,43.5444444444444,55.9111111111111,56.7777777777778,9583,7268,15745.1258,10721.6114,143.83,36.17,140.813333333333,39.1866666666667,14.1448916,199,56,67,9,200
paper2_revision_v2_20260731,ABLATION,coupled_hotspot,6,2026076106,180,200,51,LNSGlobalPool,0.05,64.4777777777778,60.0666666666667,65.9481481481481,65.6944444444444,535,448,1001.1084,637.6048,143.805,36.195,140.846666666667,39.1533333333333,154.8075515,4,8,110246,513,7
paper2_revision_v2_20260731,ABLATION,coupled_hotspot,6,2026076106,180,200,51,LNSNoGuard,0.05,61.75,53.7111111111111,64.4296296296296,57.8333333333333,352,254,1002.7972,381.5138,143.835,36.165,140.74,39.26,30.6137003,0,3,21606,337,3
paper2_revision_v2_20260731,ABLATION,coupled_hotspot,7,2026076107,180,200,51,BudgetedLNS,0.05,59.5055555555556,53.4666666666667,61.5185185185185,60.75,271,175,846.378799999999,254.1658,143.965,36.035,141.026666666667,38.9733333333333,30.5696469,0,0,21580,242,0
paper2_revision_v2_20260731,ABLATION,coupled_hotspot,7,2026076107,180,200,51,LNSColdStart,0.05,52.5222222222222,45.7222222222222,54.7888888888889,54.4444444444444,9761,7327,15706.6302,10635.2794,144.015,35.985,141.0,39.0,13.656609,199,53,108,3,199
paper2_revision_v2_20260731,ABLATION,coupled_hotspot,7,2026076107,180,200,51,LNSGlobalPool,0.05,65.6638888888889,61.1777777777778,67.1592592592593,67.1944444444444,497,421,807.3148,567.1294,143.755,36.245,140.773333333333,39.2266666666667,151.4661848,1,1,113002,489,3
paper2_revision_v2_20260731,ABLATION,coupled_hotspot,7,2026076107,180,200,51,LNSNoGuard,0.05,59.5055555555556,53.4666666666667,61.5185185185185,60.75,271,175,846.378799999999,254.1658,143.965,36.035,141.026666666667,38.9733333333333,30.2239022,0,0,21602,242,0
paper2_revision_v2_20260731,ABLATION,coupled_hotspot,8,2026076108,180,200,51,BudgetedLNS,0.05,58.3472222222223,54.5444444444445,59.6148148148148,59.25,422,357,923.3346,534.345,144.015,35.985,140.993333333333,39.0066666666667,27.0894281,1,1,21359,378,3
paper2_revision_v2_20260731,ABLATION,coupled_hotspot,8,2026076108,180,200,51,LNSColdStart,0.05,49.0416666666666,42.7888888888889,51.1259259259259,49.25,9564,7131,15886.4078,10642.5048,144.035,35.965,141.013333333333,38.9866666666667,12.5526373,199,64,38,9,200
paper2_revision_v2_20260731,ABLATION,coupled_hotspot,8,2026076108,180,200,51,LNSGlobalPool,0.05,62.6333333333333,60.2444444444444,63.4296296296296,62.7222222222222,763,663,1287.7788,980.6946,143.645,36.355,140.666666666667,39.3333333333333,130.2050927,11,3,106193,716,17
paper2_revision_v2_20260731,ABLATION,coupled_hotspot,8,2026076108,180,200,51,LNSNoGuard,0.05,58.0138888888889,54.5444444444445,59.1703703703704,59.25,412,347,891.1496,502.16,144.02,35.98,141.0,39.0,26.9438975,0,1,21600,369,2
paper2_revision_v2_20260731,ABLATION,coupled_hotspot,9,2026076109,180,200,51,BudgetedLNS,0.05,60.6305555555556,53.5777777777778,62.9814814814815,63.0,317,158,1177.8312,211.8938,143.935,36.065,140.94,39.06,34.4613246,2,2,21427,287,1
paper2_revision_v2_20260731,ABLATION,coupled_hotspot,9,2026076109,180,200,51,LNSColdStart,0.05,51.55,43.4111111111111,54.2629629629629,52.9722222222222,10025,7679,16463.955,11375.0084,144.09,35.91,141.0,39.0,15.2533716,199,54,108,0,199
paper2_revision_v2_20260731,ABLATION,coupled_hotspot,9,2026076109,180,200,51,LNSGlobalPool,0.05,65.7944444444444,60.2666666666667,67.637037037037,67.25,516,444,866.9732,632.694,143.7,36.3,140.7,39.3,167.9484606,4,8,109501,497,10
paper2_revision_v2_20260731,ABLATION,coupled_hotspot,9,2026076109,180,200,51,LNSNoGuard,0.05,60.3194444444444,53.7,62.5259259259259,63.0833333333333,326,202,1055.4382,289.8022,143.96,36.04,140.98,39.02,35.6569052,0,9,21605,299,3
paper2_revision_v2_20260731,ABLATION,coupled_hotspot,10,2026076110,180,200,51,BudgetedLNS,0.05,48.8444444444445,47.0666666666667,49.4370370370371,50.8888888888889,596,536,1100.5636,864.095,143.46,36.54,140.526666666667,39.4733333333333,39.1642559,6,2,21065,463,9
paper2_revision_v2_20260731,ABLATION,coupled_hotspot,10,2026076110,180,200,51,LNSColdStart,0.05,34.1361111111111,43.8777777777778,30.8888888888889,30.3055555555556,10304,7625,15960.8344,11123.5682,144.35,35.65,141.526666666667,38.4733333333333,18.3036127,199,58,108,6,199
paper2_revision_v2_20260731,ABLATION,coupled_hotspot,10,2026076110,180,200,51,LNSGlobalPool,0.05,55.0083333333333,49.7777777777778,56.7518518518519,53.6944444444445,816,676,1271.5088,987.1984,143.22,36.78,140.206666666667,39.7933333333333,190.8392114,7,7,106576,766,16
paper2_revision_v2_20260731,ABLATION,coupled_hotspot,10,2026076110,180,200,51,LNSNoGuard,0.05,49.8611111111111,46.7222222222222,50.9074074074074,51.0,502,432,1005.5416,695.602799999999,143.39,36.61,140.446666666667,39.5533333333333,40.5490363,0,16,21600,412,10
paper2_revision_v2_20260731,ABLATION,coupled_hotspot,11,2026076111,180,200,51,BudgetedLNS,0.05,57.0777777777778,50.2777777777778,59.3444444444445,58.4722222222222,410,274,1224.0006,412.0402,144.015,35.985,141.006666666667,38.9933333333333,34.7100965,0,0,21449,366,1
paper2_revision_v2_20260731,ABLATION,coupled_hotspot,11,2026076111,180,200,51,LNSColdStart,0.05,45.9861111111111,40.4333333333333,47.837037037037,47.5277777777778,9242,7065,15490.1408,10682.9154,144.245,35.755,141.253333333333,38.7466666666667,15.544147,199,53,109,2,199
paper2_revision_v2_20260731,ABLATION,coupled_hotspot,11,2026076111,180,200,51,LNSGlobalPool,0.05,61.8194444444444,60.0333333333333,62.4148148148148,60.7222222222222,692,573,1382.4378,850.293599999999,143.9,36.1,140.973333333333,39.0266666666667,166.0922506,5,7,107057,681,14
paper2_revision_v2_20260731,ABLATION,coupled_hotspot,11,2026076111,180,200,51,LNSNoGuard,0.05,56.6083333333333,49.9666666666667,58.8222222222222,58.8055555555556,398,274,1168.7176,401.0908,144.065,35.935,141.086666666667,38.9133333333333,35.2242376,0,2,21606,363,1
paper2_revision_v2_20260731,ABLATION,coupled_hotspot,12,2026076112,180,200,51,BudgetedLNS,0.05,59.0611111111111,56.4,59.9481481481482,59.4444444444445,323,253,926.1456,374.8114,143.995,36.005,140.986666666667,39.0133333333333,31.1124642,1,7,21525,283,2
paper2_revision_v2_20260731,ABLATION,coupled_hotspot,12,2026076112,180,200,51,LNSColdStart,0.05,46.9055555555556,44.9333333333334,47.562962962963,48.1666666666667,9122,6908,14990.4452,10169.15,144.225,35.775,141.246666666667,38.7533333333333,14.8188442,199,53,75,9,200
paper2_revision_v2_20260731,ABLATION,coupled_hotspot,12,2026076112,180,200,51,LNSGlobalPool,0.05,63.4777777777778,60.5111111111111,64.4666666666667,64.0,306,234,475.1684,291.2634,143.37,36.63,140.253333333333,39.7466666666667,158.9111925,1,7,113676,299,3
paper2_revision_v2_20260731,ABLATION,coupled_hotspot,12,2026076112,180,200,51,LNSNoGuard,0.05,59.3083333333333,56.4,60.2777777777778,60.3611111111111,391,321,1031.528,480.1938,143.98,36.02,140.966666666667,39.0333333333333,31.1004389,0,8,21600,339,4
paper2_revision_v2_20260731,ABLATION,coupled_hotspot,13,2026076113,180,200,51,BudgetedLNS,0.05,62.2472222222222,54.7777777777778,64.737037037037,65.1388888888889,247,170,689.941799999999,267.4376,144.02,35.98,141.0,39.0,29.8259849,0,0,21565,214,0
paper2_revision_v2_20260731,ABLATION,coupled_hotspot,13,2026076113,180,200,51,LNSColdStart,0.05,55.3555555555556,46.3111111111111,58.3703703703704,57.9166666666667,9803,7361,16050.6282,10960.7102,143.915,36.085,140.906666666667,39.0933333333333,14.0314455,199,55,105,7,199
paper2_revision_v2_20260731,ABLATION,coupled_hotspot,13,2026076113,180,200,51,LNSGlobalPool,0.05,66.0444444444445,61.8444444444445,67.4444444444445,67.8611111111111,457,365,917.896800000001,503.3552,143.91,36.09,140.973333333333,39.0266666666667,150.5614453,4,4,111820,445,7
paper2_revision_v2_20260731,ABLATION,coupled_hotspot,13,2026076113,180,200,51,LNSNoGuard,0.05,62.2472222222222,54.7777777777778,64.737037037037,65.1388888888889,247,170,689.941799999999,267.4376,144.02,35.98,141.0,39.0,29.695256,0,0,21604,214,0
paper2_revision_v2_20260731,ABLATION,coupled_hotspot,14,2026076114,180,200,51,BudgetedLNS,0.05,61.1083333333334,51.0666666666667,64.4555555555555,63.5555555555556,204,110,635.136000000001,129.0746,144.025,35.975,141.0,39.0,29.7097084,1,5,21471,181,1
paper2_revision_v2_20260731,ABLATION,coupled_hotspot,14,2026076114,180,200,51,LNSColdStart,0.05,52.1333333333333,43.2222222222222,55.1037037037037,55.1388888888889,9593,7205,15656.4892,10716.4328,144.015,35.985,140.96,39.04,13.849944,199,55,108,5,199
paper2_revision_v2_20260731,ABLATION,coupled_hotspot,14,2026076114,180,200,51,LNSGlobalPool,0.05,66.0749999999999,62.1555555555555,67.3814814814815,67.6388888888889,243,193,367.594,224.5036,143.405,36.595,140.28,39.72,152.909863,1,1,114012,250,2
paper2_revision_v2_20260731,ABLATION,coupled_hotspot,14,2026076114,180,200,51,LNSNoGuard,0.05,61.425,51.0222222222222,64.8925925925926,63.8611111111111,247,151,725.1242,202.8022,144.03,35.97,141.0,39.0,30.3931377,0,5,21600,220,1
paper2_revision_v2_20260731,ABLATION,coupled_hotspot,15,2026076115,180,200,51,BudgetedLNS,0.05,53.85,55.9555555555555,53.1481481481481,53.9722222222222,304,218,684.555,335.3258,143.6,36.4,140.626666666667,39.3733333333333,28.0161258,3,2,21395,241,2
paper2_revision_v2_20260731,ABLATION,coupled_hotspot,15,2026076115,180,200,51,LNSColdStart,0.05,45.35,41.8666666666667,46.5111111111111,47.25,9382,7031,15371.4924,10330.6088,144.04,35.96,140.98,39.02,12.6742632,199,50,63,9,200
paper2_revision_v2_20260731,ABLATION,coupled_hotspot,15,2026076115,180,200,51,LNSGlobalPool,0.05,61.2083333333333,59.0666666666667,61.9222222222222,60.8888888888889,698,563,1259.7152,849.9614,143.21,36.79,140.106666666667,39.8933333333333,136.8782435,4,2,107767,673,13
paper2_revision_v2_20260731,ABLATION,coupled_hotspot,15,2026076115,180,200,51,LNSNoGuard,0.05,56.7166666666666,56.6666666666666,56.7333333333333,56.0555555555556,439,383,896.710999999999,610.0628,143.315,36.685,140.273333333333,39.7266666666667,27.7164021,0,10,21602,398,5
paper2_revision_v2_20260731,ABLATION,coupled_hotspot,16,2026076116,180,200,51,BudgetedLNS,0.05,58.9916666666666,50.7222222222222,61.7481481481481,62.9166666666667,160,83,702.638599999999,139.2266,143.99,36.01,140.986666666667,39.0133333333333,24.7142648,1,1,21528,117,1
paper2_revision_v2_20260731,ABLATION,coupled_hotspot,16,2026076116,180,200,51,LNSColdStart,0.05,53.0916666666667,46.7222222222222,55.2148148148149,54.2777777777778,8891,6624,14230.9518,9750.8052,144.105,35.895,141.086666666667,38.9133333333333,11.3638361,199,49,108,2,199
paper2_revision_v2_20260731,ABLATION,coupled_hotspot,16,2026076116,180,200,51,LNSGlobalPool,0.05,65.3083333333333,60.5666666666667,66.8888888888889,67.3888888888889,462,369,924.6634,517.2246,143.79,36.21,140.82,39.18,124.2581571,2,6,113267,461,5
paper2_revision_v2_20260731,ABLATION,coupled_hotspot,16,2026076116,180,200,51,LNSNoGuard,0.05,58.9916666666666,50.7222222222222,61.7481481481481,62.9166666666667,160,83,702.638599999999,139.2266,143.99,36.01,140.986666666667,39.0133333333333,24.7058586,0,1,21600,117,1
paper2_revision_v2_20260731,ABLATION,coupled_hotspot,17,2026076117,180,200,51,BudgetedLNS,0.05,59.0361111111111,53.7,60.8148148148148,60.6388888888889,377,289,887.9722,422.9902,143.995,36.005,141.06,38.94,36.6071649,1,4,21346,347,1
paper2_revision_v2_20260731,ABLATION,coupled_hotspot,17,2026076117,180,200,51,LNSColdStart,0.05,52.9499999999999,44.1888888888889,55.8703703703703,56.1944444444445,10878,8341,17443.8284,12248.4652,143.82,36.18,140.8,39.2,14.9454072,199,64,46,8,199
paper2_revision_v2_20260731,ABLATION,coupled_hotspot,17,2026076117,180,200,51,LNSGlobalPool,0.05,63.2416666666667,60.8,64.0555555555556,64.7222222222222,522,440,872.2182,615.8384,143.885,36.115,140.966666666667,39.0333333333333,161.5360165,8,4,108373,499,13
paper2_revision_v2_20260731,ABLATION,coupled_hotspot,17,2026076117,180,200,51,LNSNoGuard,0.05,60.375,54.7333333333333,62.2555555555556,60.3333333333333,471,386,1054.876,570.446,143.845,36.155,140.866666666667,39.1333333333333,33.2395149,0,5,21600,433,6
paper2_revision_v2_20260731,ABLATION,coupled_hotspot,18,2026076118,180,200,51,BudgetedLNS,0.05,60.8499999999999,51.6888888888889,63.9037037037037,64.0277777777778,224,156,625.846400000001,172.6086,143.895,36.105,140.98,39.02,32.8058572,0,0,21546,212,0
paper2_revision_v2_20260731,ABLATION,coupled_hotspot,18,2026076118,180,200,51,LNSColdStart,0.05,46.3611111111111,38.1111111111111,49.1111111111111,49.7777777777778,9697,7449,16420.6088,11387.2758,144.31,35.69,141.306666666667,38.6933333333333,15.4827461,199,60,81,7,199
paper2_revision_v2_20260731,ABLATION,coupled_hotspot,18,2026076118,180,200,51,LNSGlobalPool,0.05,64.6555555555556,62.5333333333333,65.3629629629629,63.4444444444444,461,266,1417.5432,349.4624,143.875,36.125,140.98,39.02,168.1326188,1,6,111863,449,4
paper2_revision_v2_20260731,ABLATION,coupled_hotspot,18,2026076118,180,200,51,LNSNoGuard,0.05,60.8499999999999,51.6888888888889,63.9037037037037,64.0277777777778,224,156,625.846400000001,172.6086,143.895,36.105,140.98,39.02,33.2326888,0,0,21600,212,0
paper2_revision_v2_20260731,ABLATION,coupled_hotspot,19,2026076119,180,200,51,BudgetedLNS,0.05,61.1416666666667,55.1111111111111,63.1518518518519,63.5,346,266,969.9418,414.1634,144.0,36.0,141.02,38.98,35.3602163,1,3,21408,318,1
paper2_revision_v2_20260731,ABLATION,coupled_hotspot,19,2026076119,180,200,51,LNSColdStart,0.05,55.3944444444444,51.5444444444444,56.6777777777778,57.3333333333333,9991,7446,16022.3362,10968.0132,144.02,35.98,141.013333333333,38.9866666666667,15.255729,199,57,98,6,199
paper2_revision_v2_20260731,ABLATION,coupled_hotspot,19,2026076119,180,200,51,LNSGlobalPool,0.05,65.7444444444444,61.3666666666667,67.2037037037037,67.1666666666667,539,490,1015.8906,781.7404,143.545,36.455,140.46,39.54,164.8219612,0,0,109692,518,9
paper2_revision_v2_20260731,ABLATION,coupled_hotspot,19,2026076119,180,200,51,LNSNoGuard,0.05,61.1777777777778,55.1111111111111,63.2,63.5,376,296,1015.7314,459.953,144.0,36.0,141.02,38.98,35.0228781,0,3,21600,349,2
paper2_revision_v2_20260731,ABLATION,coupled_hotspot,20,2026076120,180,200,51,BudgetedLNS,0.05,58.7361111111111,51.1666666666667,61.2592592592592,61.0555555555556,357,241,1123.987,380.9824,143.905,36.095,140.96,39.04,34.2451952,2,10,21383,312,2
paper2_revision_v2_20260731,ABLATION,coupled_hotspot,20,2026076120,180,200,51,LNSColdStart,0.05,53.2583333333333,46.3,55.5777777777778,55.9722222222222,8472,6382,13998.824,9616.9474,143.85,36.15,140.813333333333,39.1866666666667,15.8423977,199,50,108,2,199
paper2_revision_v2_20260731,ABLATION,coupled_hotspot,20,2026076120,180,200,51,LNSGlobalPool,0.05,65.2361111111111,60.5222222222222,66.8074074074074,67.3888888888889,482,403,924.202000000001,519.1504,143.73,36.27,140.753333333333,39.2466666666667,166.8156961,4,5,112355,472,5
paper2_revision_v2_20260731,ABLATION,coupled_hotspot,20,2026076120,180,200,51,LNSNoGuard,0.05,58.9694444444445,50.8666666666667,61.6703703703704,61.25,344,213,1175.4294,329.685,143.895,36.105,140.92,39.08,33.0943859,0,6,21601,297,3
paper2_revision_v2_20260731,ABLATION,coupled_hotspot,21,2026076121,180,200,51,BudgetedLNS,0.05,51.2305555555556,45.1555555555556,53.2555555555556,54.0277777777778,512,380,1029.1114,566.066,144.01,35.99,140.966666666667,39.0333333333333,33.4950323,3,4,21285,434,2
paper2_revision_v2_20260731,ABLATION,coupled_hotspot,21,2026076121,180,200,51,LNSColdStart,0.05,43.0166666666666,29.9555555555556,47.3703703703703,46.6944444444444,9098,6871,14975.3072,10167.025,144.02,35.98,140.833333333333,39.1666666666667,14.382734,199,64,108,4,199
paper2_revision_v2_20260731,ABLATION,coupled_hotspot,21,2026076121,180,200,51,LNSGlobalPool,0.05,58.5388888888889,57.6777777777778,58.8259259259259,58.6666666666667,850,720,1421.0972,1076.0562,143.805,36.195,140.873333333333,39.1266666666667,151.9114252,19,6,102736,779,28
paper2_revision_v2_20260731,ABLATION,coupled_hotspot,21,2026076121,180,200,51,LNSNoGuard,0.05,51.9777777777778,44.4444444444444,54.4888888888889,55.75,514,422,1002.2264,647.4914,144.005,35.995,140.946666666667,39.0533333333333,33.5251769,0,6,21600,447,3
paper2_revision_v2_20260731,ABLATION,coupled_hotspot,22,2026076122,180,200,51,BudgetedLNS,0.05,59.0777777777778,55.8888888888889,60.1407407407407,60.0,304,273,608.822,436.1952,143.87,36.13,140.78,39.22,30.8924775,1,6,21257,287,4
paper2_revision_v2_20260731,ABLATION,coupled_hotspot,22,2026076122,180,200,51,LNSColdStart,0.05,50.2972222222222,44.2777777777778,52.3037037037037,52.8055555555555,9211,6962,15555.9928,10218.524,144.155,35.845,141.153333333333,38.8466666666667,14.7861983,199,52,68,8,199
paper2_revision_v2_20260731,ABLATION,coupled_hotspot,22,2026076122,180,200,51,LNSGlobalPool,0.05,63.1222222222223,60.9555555555556,63.8444444444445,65.5,626,547,1148.2962,799.4608,143.76,36.24,140.8,39.2,148.1657943,6,4,109475,587,13
paper2_revision_v2_20260731,ABLATION,coupled_hotspot,22,2026076122,180,200,51,LNSNoGuard,0.05,59.0944444444444,55.8888888888889,60.162962962963,60.6666666666667,335,304,633.4428,460.816,143.83,36.17,140.726666666667,39.2733333333333,30.426215,0,6,21600,292,2
paper2_revision_v2_20260731,ABLATION,coupled_hotspot,23,2026076123,180,200,51,BudgetedLNS,0.05,59.0416666666667,50.6555555555556,61.837037037037,62.9444444444444,352,239,1172.702,390.4718,144.08,35.92,141.14,38.86,30.5514231,0,0,21464,307,2
paper2_revision_v2_20260731,ABLATION,coupled_hotspot,23,2026076123,180,200,51,LNSColdStart,0.05,52.575,45.8777777777778,54.8074074074074,54.5,8498,6487,14370.8972,9700.5652,144.03,35.97,141.046666666667,38.9533333333333,14.0010377,199,50,108,4,199
paper2_revision_v2_20260731,ABLATION,coupled_hotspot,23,2026076123,180,200,51,LNSGlobalPool,0.05,65.5472222222223,61.1222222222222,67.0222222222223,67.9166666666667,450,331,1084.8954,419.8066,143.98,36.02,141.006666666667,38.9933333333333,155.2708301,2,3,112662,439,7
paper2_revision_v2_20260731,ABLATION,coupled_hotspot,23,2026076123,180,200,51,LNSNoGuard,0.05,59.0416666666667,50.6555555555556,61.837037037037,62.9444444444444,352,239,1172.702,390.4718,144.08,35.92,141.14,38.86,30.8300631,0,0,21600,307,2
paper2_revision_v2_20260731,ABLATION,coupled_hotspot,24,2026076124,180,200,51,BudgetedLNS,0.05,62.2027777777778,61.8222222222222,62.3296296296296,66.1388888888889,274,233,512.6582,368.1746,143.58,36.42,140.5,39.5,28.8251751,2,2,21521,241,1
paper2_revision_v2_20260731,ABLATION,coupled_hotspot,24,2026076124,180,200,51,LNSColdStart,0.05,50.6833333333334,48.4,51.4444444444444,51.6111111111111,10109,7555,16504.5716,10772.8528,144.235,35.765,141.326666666667,38.6733333333333,13.3684001,199,56,108,2,199
paper2_revision_v2_20260731,ABLATION,coupled_hotspot,24,2026076124,180,200,51,LNSGlobalPool,0.05,66.2694444444444,63.4333333333333,67.2148148148148,67.4444444444445,291,240,433.4914,287.6802,143.725,36.275,140.706666666667,39.2933333333333,146.142443,1,3,113693,290,4
paper2_revision_v2_20260731,ABLATION,coupled_hotspot,24,2026076124,180,200,51,LNSNoGuard,0.05,61.2722222222222,61.8555555555555,61.0777777777777,64.6944444444444,194,161,374.7566,253.8998,143.615,36.385,140.54,39.46,28.48929,0,2,21603,175,1
paper2_revision_v2_20260731,ABLATION,coupled_hotspot,25,2026076125,180,200,51,BudgetedLNS,0.05,62.6527777777777,55.6777777777778,64.9777777777778,62.6944444444444,230,185,566.568600000001,247.5302,143.96,36.04,141.0,39.0,52.9828947,1,5,21534,203,2
paper2_revision_v2_20260731,ABLATION,coupled_hotspot,25,2026076125,180,200,51,LNSColdStart,0.05,53.9805555555556,47.0,56.3074074074074,56.4722222222222,9906,7386,15976.543,10701.2436,144.045,35.955,141.066666666667,38.9333333333333,24.7054707,199,59,108,2,199
paper2_revision_v2_20260731,ABLATION,coupled_hotspot,25,2026076125,180,200,51,LNSGlobalPool,0.05,66.336111111111,62.1111111111111,67.7444444444445,67.8055555555556,337,257,658.875000000001,338.9108,143.69,36.31,140.64,39.36,268.1971039,1,2,112951,342,5
paper2_revision_v2_20260731,ABLATION,coupled_hotspot,25,2026076125,180,200,51,LNSNoGuard,0.05,61.1083333333334,55.6777777777778,62.9185185185185,62.8055555555556,286,241,688.076,369.0376,143.96,36.04,141.0,39.0,54.5122271,0,5,21600,261,3
paper2_revision_v2_20260731,ABLATION,coupled_hotspot,26,2026076126,180,200,51,BudgetedLNS,0.05,58.7944444444445,52.9555555555555,60.7407407407408,60.9444444444444,344,282,822.597,439.779,144.125,35.875,141.046666666667,38.9533333333333,36.1645274,1,8,21396,312,1
paper2_revision_v2_20260731,ABLATION,coupled_hotspot,26,2026076126,180,200,51,LNSColdStart,0.05,53.4277777777778,42.1666666666667,57.1814814814815,57.6388888888889,9341,6864,15134.793,10295.2986,144.0,36.0,140.906666666667,39.0933333333333,16.3542908,199,54,108,4,199
paper2_revision_v2_20260731,ABLATION,coupled_hotspot,26,2026076126,180,200,51,LNSGlobalPool,0.05,65.2416666666667,59.5777777777778,67.1296296296296,67.1944444444444,514,428,912.510000000001,580.2026,143.735,36.265,140.746666666667,39.2533333333333,175.493803,4,2,109989,508,10
paper2_revision_v2_20260731,ABLATION,coupled_hotspot,26,2026076126,180,200,51,LNSNoGuard,0.05,58.7944444444445,52.9555555555555,60.7407407407408,60.9444444444444,344,282,822.597,439.779,144.125,35.875,141.046666666667,38.9533333333333,35.2927269,0,8,21601,312,1
paper2_revision_v2_20260731,ABLATION,coupled_hotspot,27,2026076127,180,200,51,BudgetedLNS,0.05,57.9861111111111,55.8222222222222,58.7074074074074,59.4444444444444,349,273,803.613599999999,431.2182,144.01,35.99,141.066666666667,38.9333333333333,34.494223,0,0,21491,326,1
paper2_revision_v2_20260731,ABLATION,coupled_hotspot,27,2026076127,180,200,51,LNSColdStart,0.05,48.9888888888889,40.3111111111111,51.8814814814815,52.5833333333333,9770,7323,15507.5914,10499.9712,144.16,35.84,141.12,38.88,15.4280235,199,58,88,9,200
paper2_revision_v2_20260731,ABLATION,coupled_hotspot,27,2026076127,180,200,51,LNSGlobalPool,0.05,61.775,59.5777777777778,62.5074074074074,61.9166666666667,628,520,1103.2332,732.967,143.88,36.12,140.986666666667,39.0133333333333,174.2591765,4,4,108940,613,12
paper2_revision_v2_20260731,ABLATION,coupled_hotspot,27,2026076127,180,200,51,LNSNoGuard,0.05,57.3027777777778,54.2222222222222,58.3296296296296,57.8055555555556,336,303,720.9856,460.086,143.91,36.09,140.873333333333,39.1266666666667,36.6441426,0,9,21601,324,6
paper2_revision_v2_20260731,ABLATION,coupled_hotspot,28,2026076128,180,200,51,BudgetedLNS,0.05,57.5611111111111,51.6888888888889,59.5185185185185,59.4444444444444,412,318,952.947000000001,432.2154,143.94,36.06,140.98,39.02,34.4421993,1,3,21340,358,4
paper2_revision_v2_20260731,ABLATION,coupled_hotspot,28,2026076128,180,200,51,LNSColdStart,0.05,43.0694444444444,37.5777777777778,44.9,44.5555555555556,10306,7907,16797.0178,11712.6572,144.41,35.59,141.44,38.56,15.3293034,199,58,106,6,199
paper2_revision_v2_20260731,ABLATION,coupled_hotspot,28,2026076128,180,200,51,LNSGlobalPool,0.05,61.5972222222223,57.2111111111111,63.0592592592593,64.4166666666667,613,461,1264.5222,638.1362,143.315,36.685,140.246666666667,39.7533333333333,169.8650408,5,7,107348,593,12
paper2_revision_v2_20260731,ABLATION,coupled_hotspot,28,2026076128,180,200,51,LNSNoGuard,0.05,57.2194444444444,51.4111111111111,59.1555555555556,60.3611111111111,368,271,928.6598,386.956,143.505,36.495,140.406666666667,39.5933333333333,34.7284654,0,11,21604,331,3
paper2_revision_v2_20260731,ABLATION,coupled_hotspot,29,2026076129,180,200,51,BudgetedLNS,0.05,51.8166666666667,51.4333333333333,51.9444444444444,54.2777777777778,424,351,883.2486,519.0156,143.855,36.145,140.906666666667,39.0933333333333,36.5122919,1,1,21456,365,2
paper2_revision_v2_20260731,ABLATION,coupled_hotspot,29,2026076129,180,200,51,LNSColdStart,0.05,44.6583333333333,42.3888888888889,45.4148148148148,45.0277777777778,10291,7719,16249.5124,11115.5424,143.98,36.02,141.0,39.0,15.4261356,199,59,108,2,199
paper2_revision_v2_20260731,ABLATION,coupled_hotspot,29,2026076129,180,200,51,LNSGlobalPool,0.05,58.025,59.1555555555556,57.6481481481481,57.9444444444444,853,719,1474.6568,1081.2986,143.5,36.5,140.48,39.52,165.1393385,7,3,103701,842,28
paper2_revision_v2_20260731,ABLATION,coupled_hotspot,29,2026076129,180,200,51,LNSNoGuard,0.05,51.3527777777777,51.4333333333333,51.3259259259259,54.2777777777778,461,388,955.0516,590.8186,143.895,36.105,140.96,39.04,38.0435315,0,2,21602,401,3
paper2_revision_v2_20260731,ABLATION,coupled_hotspot,30,2026076130,180,200,51,BudgetedLNS,0.05,58.5833333333333,53.9555555555555,60.1259259259259,60.25,588,439,1349.2722,661.8922,143.835,36.165,140.84,39.16,36.9631382,3,2,20877,537,6
paper2_revision_v2_20260731,ABLATION,coupled_hotspot,30,2026076130,180,200,51,LNSColdStart,0.05,46.4916666666667,43.4333333333333,47.5111111111111,47.2222222222222,9859,7462,15648.3074,10956.799,144.265,35.735,141.266666666667,38.7333333333333,17.8528767,199,54,98,9,200
paper2_revision_v2_20260731,ABLATION,coupled_hotspot,30,2026076130,180,200,51,LNSGlobalPool,0.05,61.9277777777778,59.2888888888889,62.8074074074074,62.6388888888889,780,673,1348.833,1025.8198,143.88,36.12,140.973333333333,39.0266666666667,172.3124319,8,7,100032,753,32
paper2_revision_v2_20260731,ABLATION,coupled_hotspot,30,2026076130,180,200,51,LNSNoGuard,0.05,57.7194444444444,53.1777777777778,59.2333333333333,59.1944444444444,543,400,1164.565,626.4544,143.695,36.305,140.66,39.34,38.5228026,0,4,21608,501,5
paper2_revision_v2_20260731,ABLATION,link_hotspot,1,2026075101,180,200,51,BudgetedLNS,0.05,53.0055555555555,51.0333333333333,53.662962962963,51.3055555555556,287,189,1663.607,1075.776,153.0,27.0,153.006666666667,26.9933333333333,63.3416314,0,0,21590,240,0
paper2_revision_v2_20260731,ABLATION,link_hotspot,1,2026075101,180,200,51,LNSColdStart,0.05,49.6583333333334,46.7555555555556,50.6259259259259,50.2222222222222,8558,6280,19877.8444,14878.0104,152.935,27.065,152.946666666667,27.0533333333333,29.8885143,199,48,108,5,199
paper2_revision_v2_20260731,ABLATION,link_hotspot,1,2026075101,180,200,51,LNSGlobalPool,0.05,60.4833333333333,61.2444444444445,60.2296296296296,59.7777777777778,288,234,1002.0308,826.4192,152.62,27.38,152.62,27.38,331.2332684,0,0,121902,284,1
paper2_revision_v2_20260731,ABLATION,link_hotspot,1,2026075101,180,200,51,LNSNoGuard,0.05,53.0055555555555,51.0333333333333,53.662962962963,51.3055555555556,287,189,1663.607,1075.776,153.0,27.0,153.006666666667,26.9933333333333,63.1563396,0,0,21601,240,0
paper2_revision_v2_20260731,ABLATION,link_hotspot,2,2026075102,180,200,51,BudgetedLNS,0.05,48.6416666666667,51.3111111111111,47.7518518518519,46.8055555555556,328,273,2017.2898,1683.9836,153.13,26.87,153.186666666667,26.8133333333333,46.1632893,1,3,21513,190,1
paper2_revision_v2_20260731,ABLATION,link_hotspot,2,2026075102,180,200,51,LNSColdStart,0.05,45.2027777777778,45.1666666666667,45.2148148148148,45.6388888888889,9957,7362,22905.4672,16581.7042,153.335,26.665,153.34,26.66,19.4034876,199,58,71,8,199
paper2_revision_v2_20260731,ABLATION,link_hotspot,2,2026075102,180,200,51,LNSGlobalPool,0.05,58.5361111111111,60.7555555555556,57.7962962962963,59.5555555555555,452,376,971.932200000001,798.782,152.695,27.305,152.746666666667,27.2533333333333,237.904625,3,2,120035,418,5
paper2_revision_v2_20260731,ABLATION,link_hotspot,2,2026075102,180,200,51,LNSNoGuard,0.05,48.6416666666667,51.3111111111111,47.7518518518519,46.8055555555556,328,273,2017.2898,1683.9836,153.13,26.87,153.186666666667,26.8133333333333,47.509769,0,3,21600,190,1
paper2_revision_v2_20260731,ABLATION,link_hotspot,3,2026075103,180,200,51,BudgetedLNS,0.05,57.175,54.3111111111111,58.1296296296296,56.9444444444444,194,126,1027.061,607.2756,152.86,27.14,152.793333333333,27.2066666666667,46.1951495,1,1,21468,163,1
paper2_revision_v2_20260731,ABLATION,link_hotspot,3,2026075103,180,200,51,LNSColdStart,0.05,41.2416666666667,39.9777777777778,41.662962962963,40.8888888888889,9449,7050,20090.2678,14849.938,153.24,26.76,153.193333333333,26.8066666666667,20.8107893,199,53,108,0,199
paper2_revision_v2_20260731,ABLATION,link_hotspot,3,2026075103,180,200,51,LNSGlobalPool,0.05,60.6694444444444,61.3,60.4592592592593,61.0555555555555,331,242,970.628000000001,635.1352,152.78,27.22,152.766666666667,27.2333333333333,251.4808981,1,1,121103,327,3
paper2_revision_v2_20260731,ABLATION,link_hotspot,3,2026075103,180,200,51,LNSNoGuard,0.05,56.975,54.6333333333333,57.7555555555555,58.0833333333333,182,113,825.0282,484.3578,152.795,27.205,152.706666666667,27.2933333333333,45.8231532,0,1,21600,165,1
paper2_revision_v2_20260731,ABLATION,link_hotspot,4,2026075104,180,200,51,BudgetedLNS,0.05,57.5944444444444,57.8111111111111,57.5222222222222,57.6111111111111,601,448,3391.93,2524.1532,152.725,27.275,152.72,27.28,37.3645981,4,3,21192,560,5
paper2_revision_v2_20260731,ABLATION,link_hotspot,4,2026075104,180,200,51,LNSColdStart,0.05,45.7138888888889,43.1444444444444,46.5703703703704,45.7222222222222,10249,7591,22335.4776,16731.6698,152.945,27.055,152.973333333333,27.0266666666667,16.6780367,199,57,53,8,199
paper2_revision_v2_20260731,ABLATION,link_hotspot,4,2026075104,180,200,51,LNSGlobalPool,0.05,61.5527777777778,60.7666666666667,61.8148148148148,59.3333333333333,640,371,2393.9686,1134.1592,152.545,27.455,152.526666666667,27.4733333333333,203.0803498,1,2,115053,624,12
paper2_revision_v2_20260731,ABLATION,link_hotspot,4,2026075104,180,200,51,LNSNoGuard,0.05,57.2694444444445,57.1777777777778,57.3,57.1388888888889,525,359,2914.2004,1949.9904,152.765,27.235,152.726666666667,27.2733333333333,38.3074042,0,2,21601,494,3
paper2_revision_v2_20260731,ABLATION,link_hotspot,5,2026075105,180,200,51,BudgetedLNS,0.05,55.6833333333333,54.4888888888889,56.0814814814814,56.1666666666667,179,110,1311.7318,905.021599999999,152.92,27.08,152.966666666667,27.0333333333333,66.3764625,0,0,21546,128,1
paper2_revision_v2_20260731,ABLATION,link_hotspot,5,2026075105,180,200,51,LNSColdStart,0.05,50.2361111111111,46.7,51.4148148148148,51.8055555555556,7994,5779,16522.309,11969.207,153.09,26.91,153.053333333333,26.9466666666667,28.6488384,199,48,108,4,199
paper2_revision_v2_20260731,ABLATION,link_hotspot,5,2026075105,180,200,51,LNSGlobalPool,0.05,59.663888888889,60.0555555555556,59.5333333333333,59.4166666666667,455,354,1962.5154,1537.2918,152.585,27.415,152.573333333333,27.4266666666667,360.3545162,3,2,120953,416,2
paper2_revision_v2_20260731,ABLATION,link_hotspot,5,2026075105,180,200,51,LNSNoGuard,0.05,56.0444444444445,54.4888888888889,56.562962962963,56.1666666666667,214,145,1225.2406,818.5304,152.885,27.115,152.92,27.08,65.3758915,0,2,21600,186,3
paper2_revision_v2_20260731,ABLATION,link_hotspot,6,2026075106,180,200,51,BudgetedLNS,0.05,57.7666666666667,54.2666666666667,58.9333333333333,56.4444444444444,254,175,1490.2548,870.162,152.49,27.51,152.453333333333,27.5466666666667,50.919928,0,0,21542,220,0
paper2_revision_v2_20260731,ABLATION,link_hotspot,6,2026075106,180,200,51,LNSColdStart,0.05,47.6472222222222,44.1666666666667,48.8074074074074,49.0833333333333,8614,6377,19987.42,14851.545,153.045,26.955,152.993333333333,27.0066666666667,22.3755329,199,51,51,8,199
paper2_revision_v2_20260731,ABLATION,link_hotspot,6,2026075106,180,200,51,LNSGlobalPool,0.05,61.5666666666666,60.9444444444444,61.7740740740741,61.4166666666667,289,205,692.943600000001,463.7096,152.66,27.34,152.66,27.34,272.5184456,1,1,121328,283,2
paper2_revision_v2_20260731,ABLATION,link_hotspot,6,2026075106,180,200,51,LNSNoGuard,0.05,57.2944444444445,54.0777777777778,58.3666666666666,56.4444444444444,223,156,1458.5358,936.0066,152.565,27.435,152.553333333333,27.4466666666667,50.9086709,0,0,21605,199,1
paper2_revision_v2_20260731,ABLATION,link_hotspot,7,2026075107,180,200,51,BudgetedLNS,0.05,54.55,50.0,56.0666666666666,55.6111111111111,307,171,2311.125,1555.2504,153.0,27.0,152.98,27.02,36.6415813,0,0,21448,259,2
paper2_revision_v2_20260731,ABLATION,link_hotspot,7,2026075107,180,200,51,LNSColdStart,0.05,47.9611111111111,50.2333333333333,47.2037037037037,46.6111111111111,10064,7421,21258.866,15569.2414,153.315,26.685,153.446666666667,26.5533333333333,15.726058,199,55,34,9,200
paper2_revision_v2_20260731,ABLATION,link_hotspot,7,2026075107,180,200,51,LNSGlobalPool,0.05,60.7444444444444,61.3888888888889,60.5296296296297,61.0,574,449,2375.129,1850.4192,152.725,27.275,152.766666666667,27.2333333333333,196.413321,3,2,119753,532,5
paper2_revision_v2_20260731,ABLATION,link_hotspot,7,2026075107,180,200,51,LNSNoGuard,0.05,51.8722222222222,50.5333333333333,52.3185185185185,51.1944444444444,199,94,1257.697,660.7744,153.03,26.97,153.0,27.0,38.3407291,0,0,21602,175,1
paper2_revision_v2_20260731,ABLATION,link_hotspot,8,2026075108,180,200,51,BudgetedLNS,0.05,46.2305555555555,49.5555555555556,45.1222222222222,47.5,573,355,3337.4334,2067.7268,152.85,27.15,152.953333333333,27.0466666666667,38.9086443,1,3,21402,441,2
paper2_revision_v2_20260731,ABLATION,link_hotspot,8,2026075108,180,200,51,LNSColdStart,0.05,41.8638888888889,43.5111111111111,41.3148148148148,40.3611111111111,8611,6339,17731.6268,12970.1266,153.265,26.735,153.32,26.68,15.7357311,199,50,104,8,199
paper2_revision_v2_20260731,ABLATION,link_hotspot,8,2026075108,180,200,51,LNSGlobalPool,0.05,59.1194444444445,59.2444444444445,59.0777777777777,58.9444444444444,382,275,1348.2718,994.662000000001,152.675,27.325,152.666666666667,27.3333333333333,192.8481936,1,2,118556,388,7
paper2_revision_v2_20260731,ABLATION,link_hotspot,8,2026075108,180,200,51,LNSNoGuard,0.05,47.5138888888889,50.4444444444444,46.537037037037,45.9722222222222,720,503,4526.7868,3259.801,152.685,27.315,152.726666666667,27.2733333333333,39.3193082,0,5,21600,615,10
paper2_revision_v2_20260731,ABLATION,link_hotspot,9,2026075109,180,200,51,BudgetedLNS,0.05,56.5277777777778,53.8,57.4370370370371,54.5833333333333,196,95,1320.421,536.2622,152.985,27.015,152.993333333333,27.0066666666667,46.1320587,0,0,21512,182,2
paper2_revision_v2_20260731,ABLATION,link_hotspot,9,2026075109,180,200,51,LNSColdStart,0.05,47.9027777777778,43.2555555555556,49.4518518518518,49.6666666666667,9230,6793,19399.6844,14191.2908,153.11,26.89,153.093333333333,26.9066666666667,20.0012046,199,56,59,9,200
paper2_revision_v2_20260731,ABLATION,link_hotspot,9,2026075109,180,200,51,LNSGlobalPool,0.05,62.0527777777778,62.0666666666667,62.0481481481482,61.8333333333333,217,162,831.6656,647.3608,152.795,27.205,152.8,27.2,243.1428383,0,0,121776,213,1
paper2_revision_v2_20260731,ABLATION,link_hotspot,9,2026075109,180,200,51,LNSNoGuard,0.05,55.7444444444445,53.7555555555555,56.4074074074074,55.6388888888889,164,67,1154.897,428.879,152.99,27.01,153.0,27.0,46.724243,0,1,21600,149,3
paper2_revision_v2_20260731,ABLATION,link_hotspot,10,2026075110,180,200,51,BudgetedLNS,0.05,58.4555555555556,55.5666666666667,59.4185185185185,56.6666666666667,252,108,1010.4594,282.3276,152.68,27.32,152.653333333333,27.3466666666667,61.0394911,1,1,21372,242,3
paper2_revision_v2_20260731,ABLATION,link_hotspot,10,2026075110,180,200,51,LNSColdStart,0.05,43.3611111111111,46.5111111111111,42.3111111111111,42.3333333333333,10937,8182,21148.4844,15760.268,153.495,26.505,153.606666666667,26.3933333333333,28.1761733,199,62,108,0,199
paper2_revision_v2_20260731,ABLATION,link_hotspot,10,2026075110,180,200,51,LNSGlobalPool,0.05,61.4055555555556,62.3666666666667,61.0851851851852,61.2777777777778,619,310,2287.24,849.0988,152.73,27.27,152.706666666667,27.2933333333333,317.5986782,4,4,114470,625,17
paper2_revision_v2_20260731,ABLATION,link_hotspot,10,2026075110,180,200,51,LNSNoGuard,0.05,57.9027777777778,56.0555555555555,58.5185185185186,53.0833333333333,359,204,2051.4734,1199.893,152.72,27.28,152.726666666667,27.2733333333333,62.6355578,0,7,21602,301,3
paper2_revision_v2_20260731,ABLATION,link_hotspot,11,2026075111,180,200,51,BudgetedLNS,0.05,59.2611111111111,58.7444444444445,59.4333333333333,58.8055555555556,253,168,1720.1012,1106.4474,152.845,27.155,152.78,27.22,37.6567583,0,0,21513,214,1
paper2_revision_v2_20260731,ABLATION,link_hotspot,11,2026075111,180,200,51,LNSColdStart,0.05,46.9972222222222,47.2222222222222,46.9222222222222,46.1944444444444,8362,6257,17846.6294,13251.9148,153.46,26.54,153.5,26.5,16.6029841,199,50,108,0,199
paper2_revision_v2_20260731,ABLATION,link_hotspot,11,2026075111,180,200,51,LNSGlobalPool,0.05,60.8555555555555,61.4777777777778,60.6481481481482,59.8333333333333,315,259,1659.162,1412.934,152.895,27.105,152.853333333333,27.1466666666667,213.6858924,0,0,122089,299,1
paper2_revision_v2_20260731,ABLATION,link_hotspot,11,2026075111,180,200,51,LNSNoGuard,0.05,59.2611111111111,58.7444444444445,59.4333333333333,58.8055555555556,253,168,1720.1012,1106.4474,152.845,27.155,152.78,27.22,38.2852775,0,0,21601,214,1
paper2_revision_v2_20260731,ABLATION,link_hotspot,12,2026075112,180,200,51,BudgetedLNS,0.05,51.6861111111111,48.0,52.9148148148148,52.2777777777778,325,163,1688.3608,718.2426,152.705,27.295,152.706666666667,27.2933333333333,61.8122648,2,3,21307,301,4
paper2_revision_v2_20260731,ABLATION,link_hotspot,12,2026075112,180,200,51,LNSColdStart,0.05,41.8611111111111,44.3333333333333,41.037037037037,40.2777777777778,8075,6058,19344.9566,14522.4994,153.17,26.83,153.246666666667,26.7533333333333,26.8877734,199,46,108,5,199
paper2_revision_v2_20260731,ABLATION,link_hotspot,12,2026075112,180,200,51,LNSGlobalPool,0.05,59.1694444444445,59.2555555555555,59.1407407407407,59.1666666666667,271,177,763.499800000001,459.9306,152.6,27.4,152.533333333333,27.4666666666667,315.9860177,1,1,121459,279,2
paper2_revision_v2_20260731,ABLATION,link_hotspot,12,2026075112,180,200,51,LNSNoGuard,0.05,51.3694444444444,48.0222222222222,52.4851851851852,51.9166666666667,331,203,1642.497,793.1006,152.635,27.365,152.6,27.4,60.7292231,0,2,21601,290,1
paper2_revision_v2_20260731,ABLATION,link_hotspot,13,2026075113,180,200,51,BudgetedLNS,0.05,55.6194444444445,52.3333333333333,56.7148148148148,56.3333333333333,236,102,1497.7574,680.4196,153.005,26.995,153.0,27.0,58.2202096,0,0,21483,224,1
paper2_revision_v2_20260731,ABLATION,link_hotspot,13,2026075113,180,200,51,LNSColdStart,0.05,40.225,40.8888888888889,40.0037037037037,40.2777777777778,7962,5983,18076.4626,13721.308,153.19,26.81,153.206666666667,26.7933333333333,25.0860885,199,45,108,3,199
paper2_revision_v2_20260731,ABLATION,link_hotspot,13,2026075113,180,200,51,LNSGlobalPool,0.05,59.9777777777778,59.7888888888889,60.0407407407408,58.75,282,211,1169.2856,852.0402,152.755,27.245,152.74,27.26,309.9676827,0,0,120866,275,2
paper2_revision_v2_20260731,ABLATION,link_hotspot,13,2026075113,180,200,51,LNSNoGuard,0.05,54.7999999999999,53.3888888888889,55.2703703703703,55.3333333333333,194,88,1204.6682,570.577,152.99,27.01,153.0,27.0,58.3517936,0,4,21601,179,2
paper2_revision_v2_20260731,ABLATION,link_hotspot,14,2026075114,180,200,51,BudgetedLNS,0.05,53.8638888888889,54.7111111111111,53.5814814814815,52.1944444444444,322,261,1426.1236,1146.6444,152.7,27.3,152.726666666667,27.2733333333333,38.9104813,0,0,21517,252,0
paper2_revision_v2_20260731,ABLATION,link_hotspot,14,2026075114,180,200,51,LNSColdStart,0.05,38.2027777777778,37.3333333333333,38.4925925925926,39.0,8651,6298,17438.83,12812.894,153.42,26.58,153.353333333333,26.6466666666667,15.6670191,199,56,108,3,199
paper2_revision_v2_20260731,ABLATION,link_hotspot,14,2026075114,180,200,51,LNSGlobalPool,0.05,58.2861111111111,57.8666666666667,58.4259259259259,57.9722222222222,674,486,1725.3294,1155.2338,152.63,27.37,152.62,27.38,191.7598921,5,2,117513,631,10
paper2_revision_v2_20260731,ABLATION,link_hotspot,14,2026075114,180,200,51,LNSNoGuard,0.05,53.8638888888889,54.7111111111111,53.5814814814815,52.1944444444444,322,261,1426.1236,1146.6444,152.7,27.3,152.726666666667,27.2733333333333,37.1943924,0,0,21600,252,0
paper2_revision_v2_20260731,ABLATION,link_hotspot,15,2026075115,180,200,51,BudgetedLNS,0.05,58.6583333333333,58.6444444444444,58.6629629629629,56.8611111111111,252,183,1347.7566,920.4038,152.875,27.125,152.913333333333,27.0866666666667,37.1387666,0,0,21571,215,0
paper2_revision_v2_20260731,ABLATION,link_hotspot,15,2026075115,180,200,51,LNSColdStart,0.05,48.2972222222222,45.0111111111111,49.3925925925926,49.8333333333333,8149,6036,18040.3424,13425.5566,152.96,27.04,152.94,27.06,15.5530984,199,47,93,6,199
paper2_revision_v2_20260731,ABLATION,link_hotspot,15,2026075115,180,200,51,LNSGlobalPool,0.05,61.3722222222222,62.3666666666667,61.0407407407408,61.2777777777778,347,257,1039.3892,682.523800000001,152.685,27.315,152.7,27.3,193.8817072,0,0,121835,333,1
paper2_revision_v2_20260731,ABLATION,link_hotspot,15,2026075115,180,200,51,LNSNoGuard,0.05,58.6583333333333,58.6444444444444,58.6629629629629,56.8611111111111,252,183,1347.7566,920.4038,152.875,27.125,152.913333333333,27.0866666666667,34.0474718,0,0,21604,215,0
paper2_revision_v2_20260731,ABLATION,link_hotspot,16,2026075116,180,200,51,BudgetedLNS,0.05,54.3555555555555,51.5333333333333,55.2962962962963,54.5833333333333,117,52,584.9096,233.354,152.84,27.16,152.833333333333,27.1666666666667,35.7787397,0,0,21538,116,0
paper2_revision_v2_20260731,ABLATION,link_hotspot,16,2026075116,180,200,51,LNSColdStart,0.05,41.3333333333333,43.7444444444445,40.5296296296296,40.6944444444444,8843,6639,18830.2384,13975.0884,153.395,26.605,153.486666666667,26.5133333333333,16.4195832,199,49,95,7,199
paper2_revision_v2_20260731,ABLATION,link_hotspot,16,2026075116,180,200,51,LNSGlobalPool,0.05,60.8333333333333,59.6555555555556,61.225925925926,61.1666666666667,775,531,3110.55340000001,2020.9816,152.715,27.285,152.733333333333,27.2666666666667,180.3181328,6,3,113263,765,16
paper2_revision_v2_20260731,ABLATION,link_hotspot,16,2026075116,180,200,51,LNSNoGuard,0.05,54.3555555555555,51.5333333333333,55.2962962962963,54.5833333333333,117,52,584.9096,233.354,152.84,27.16,152.833333333333,27.1666666666667,36.7028002,0,0,21600,116,0
paper2_revision_v2_20260731,ABLATION,link_hotspot,17,2026075117,180,200,51,BudgetedLNS,0.05,55.75,56.4,55.5333333333333,54.0277777777778,192,138,1013.7866,708.8208,152.925,27.075,152.866666666667,27.1333333333333,51.7846788,0,0,21601,195,0
paper2_revision_v2_20260731,ABLATION,link_hotspot,17,2026075117,180,200,51,LNSColdStart,0.05,48.1166666666667,47.9555555555555,48.1703703703704,48.5555555555556,8625,6365,18220.2778,13708.8026,153.185,26.815,153.266666666667,26.7333333333333,23.3640803,199,49,108,6,199
paper2_revision_v2_20260731,ABLATION,link_hotspot,17,2026075117,180,200,51,LNSGlobalPool,0.05,60.1694444444445,61.2777777777778,59.8,59.8611111111111,570,478,2353.6876,1914.3914,152.83,27.17,152.873333333333,27.1266666666667,268.5355961,4,2,118550,534,10
paper2_revision_v2_20260731,ABLATION,link_hotspot,17,2026075117,180,200,51,LNSNoGuard,0.05,55.75,56.4,55.5333333333333,54.0277777777778,192,138,1013.7866,708.8208,152.925,27.075,152.866666666667,27.1333333333333,53.3768677,0,0,21601,195,0
paper2_revision_v2_20260731,ABLATION,link_hotspot,18,2026075118,180,200,51,BudgetedLNS,0.05,48.8833333333333,48.4222222222222,49.037037037037,48.0833333333333,621,467,3798.183,2969.101,152.805,27.195,152.68,27.32,49.9282963,8,2,20956,553,11
paper2_revision_v2_20260731,ABLATION,link_hotspot,18,2026075118,180,200,51,LNSColdStart,0.05,44.9888888888889,42.4888888888889,45.8222222222222,45.5,9744,7193,23510.202,17514.6058,153.25,26.75,153.24,26.76,21.5501161,199,58,108,4,199
paper2_revision_v2_20260731,ABLATION,link_hotspot,18,2026075118,180,200,51,LNSGlobalPool,0.05,59.0583333333334,59.4888888888889,58.9148148148148,59.3055555555556,399,315,1755.321,1345.624,152.685,27.315,152.693333333333,27.3066666666667,265.3546574,1,3,119978,378,5
paper2_revision_v2_20260731,ABLATION,link_hotspot,18,2026075118,180,200,51,LNSNoGuard,0.05,49.5083333333334,48.8,49.7444444444444,47.8333333333333,498,337,2977.0608,2080.6802,152.805,27.195,152.68,27.32,50.1865814,0,4,21602,410,4
paper2_revision_v2_20260731,ABLATION,link_hotspot,19,2026075119,180,200,51,BudgetedLNS,0.05,58.4194444444444,57.1555555555555,58.8407407407407,58.7222222222222,150,80,948.1572,448.1926,152.775,27.225,152.72,27.28,59.6295556,0,0,21597,138,0
paper2_revision_v2_20260731,ABLATION,link_hotspot,19,2026075119,180,200,51,LNSColdStart,0.05,41.1527777777778,42.4,40.737037037037,39.6944444444444,10364,7721,23178.9526,17286.4446,153.68,26.32,153.74,26.26,26.0813102,199,60,109,3,199
paper2_revision_v2_20260731,ABLATION,link_hotspot,19,2026075119,180,200,51,LNSGlobalPool,0.05,61.7833333333334,62.2111111111111,61.6407407407408,61.2777777777778,304,233,1219.0588,904.6692,152.565,27.435,152.546666666667,27.4533333333333,325.2693707,0,0,121201,295,2
paper2_revision_v2_20260731,ABLATION,link_hotspot,19,2026075119,180,200,51,LNSNoGuard,0.05,58.4194444444444,57.1555555555555,58.8407407407407,58.7222222222222,150,80,948.1572,448.1926,152.775,27.225,152.72,27.28,59.1054106,0,0,21602,138,0
paper2_revision_v2_20260731,ABLATION,link_hotspot,20,2026075120,180,200,51,BudgetedLNS,0.05,56.2777777777778,54.9888888888889,56.7074074074074,55.8055555555556,120,59,735.1056,342.1986,153.005,26.995,153.0,27.0,35.1391491,0,0,21594,110,0
paper2_revision_v2_20260731,ABLATION,link_hotspot,20,2026075120,180,200,51,LNSColdStart,0.05,49.1694444444444,48.0555555555556,49.5407407407407,49.6388888888889,8693,6403,16637.6702,12153.8868,153.2,26.8,153.213333333333,26.7866666666667,15.0465924,199,49,108,4,199
paper2_revision_v2_20260731,ABLATION,link_hotspot,20,2026075120,180,200,51,LNSGlobalPool,0.05,61.5305555555556,62.2,61.3074074074075,61.2222222222222,321,256,1718.502,1443.0706,152.79,27.21,152.773333333333,27.2266666666667,188.5405446,0,0,121873,305,1
paper2_revision_v2_20260731,ABLATION,link_hotspot,20,2026075120,180,200,51,LNSNoGuard,0.05,56.2777777777778,54.9888888888889,56.7074074074074,55.8055555555556,120,59,735.1056,342.1986,153.005,26.995,153.0,27.0,35.765272,0,0,21600,110,0
paper2_revision_v2_20260731,ABLATION,link_hotspot,21,2026075121,180,200,51,BudgetedLNS,0.05,50.8222222222222,45.3666666666667,52.6407407407407,50.3055555555556,335,213,2349.6126,1421.765,152.64,27.36,152.626666666667,27.3733333333333,41.9108367,1,1,21519,283,1
paper2_revision_v2_20260731,ABLATION,link_hotspot,21,2026075121,180,200,51,LNSColdStart,0.05,45.0472222222222,43.0222222222222,45.7222222222223,45.1111111111111,9470,7125,21245.5266,15776.1326,153.325,26.675,153.293333333333,26.7066666666667,17.6010902,199,52,108,4,199
paper2_revision_v2_20260731,ABLATION,link_hotspot,21,2026075121,180,200,51,LNSGlobalPool,0.05,61.55,61.6111111111111,61.5296296296297,61.4722222222222,272,191,709.400200000001,497.1568,152.785,27.215,152.74,27.26,220.0545128,1,1,121029,270,3
paper2_revision_v2_20260731,ABLATION,link_hotspot,21,2026075121,180,200,51,LNSNoGuard,0.05,50.8222222222222,45.3666666666667,52.6407407407407,50.3055555555556,335,213,2349.6126,1421.765,152.64,27.36,152.626666666667,27.3733333333333,44.1849054,0,1,21624,283,1
paper2_revision_v2_20260731,ABLATION,link_hotspot,22,2026075122,180,200,51,BudgetedLNS,0.05,52.6638888888889,55.9444444444444,51.5703703703704,52.7222222222222,346,285,3407.0508,2983.5472,152.91,27.09,152.88,27.12,70.6866900000001,1,3,21600,120,0
paper2_revision_v2_20260731,ABLATION,link_hotspot,22,2026075122,180,200,51,LNSColdStart,0.05,45.8305555555555,50.3666666666667,44.3185185185185,44.1111111111111,7865,5950,18316.9042,14515.5412,153.135,26.865,153.213333333333,26.7866666666667,31.0834867,199,45,108,0,199
paper2_revision_v2_20260731,ABLATION,link_hotspot,22,2026075122,180,200,51,LNSGlobalPool,0.05,57.1027777777778,60.0555555555555,56.1185185185185,56.25,358,269,1628.6242,1230.9428,152.75,27.25,152.78,27.22,383.4500984,2,1,121219,334,2
paper2_revision_v2_20260731,ABLATION,link_hotspot,22,2026075122,180,200,51,LNSNoGuard,0.05,52.6638888888889,55.9444444444444,51.5703703703704,52.7222222222222,346,285,3407.0508,2983.5472,152.91,27.09,152.88,27.12,71.1408997,0,3,21600,120,0
paper2_revision_v2_20260731,ABLATION,link_hotspot,23,2026075123,180,200,51,BudgetedLNS,0.05,54.0722222222222,53.8666666666667,54.1407407407408,54.4444444444444,237,182,1502.5994,1194.9128,153.01,26.99,153.0,27.0,40.107768,0,0,21543,184,0
paper2_revision_v2_20260731,ABLATION,link_hotspot,23,2026075123,180,200,51,LNSColdStart,0.05,39.8388888888889,44.3555555555555,38.3333333333333,37.5,9251,6865,20506.0642,15475.0738,153.52,26.48,153.466666666667,26.5333333333333,17.9126286,199,54,65,8,199
paper2_revision_v2_20260731,ABLATION,link_hotspot,23,2026075123,180,200,51,LNSGlobalPool,0.05,60.025,60.7555555555556,59.7814814814815,59.6944444444444,314,242,673.155400000001,502.9252,152.575,27.425,152.546666666667,27.4533333333333,209.0338998,0,0,120960,309,2
paper2_revision_v2_20260731,ABLATION,link_hotspot,23,2026075123,180,200,51,LNSNoGuard,0.05,54.0722222222222,53.8666666666667,54.1407407407408,54.4444444444444,237,182,1502.5994,1194.9128,153.01,26.99,153.0,27.0,39.8924602,0,0,21600,184,0
paper2_revision_v2_20260731,ABLATION,link_hotspot,24,2026075124,180,200,51,BudgetedLNS,0.05,53.8777777777778,53.7111111111111,53.9333333333333,52.9722222222222,435,287,1987.814,1298.3082,152.765,27.235,152.74,27.26,34.616698,1,2,21438,418,5
paper2_revision_v2_20260731,ABLATION,link_hotspot,24,2026075124,180,200,51,LNSColdStart,0.05,43.0333333333333,41.4111111111111,43.5740740740741,43.6388888888889,8904,6729,19959.1112,15161.309,152.99,27.01,152.973333333333,27.0266666666667,14.8242989,199,50,88,9,200
paper2_revision_v2_20260731,ABLATION,link_hotspot,24,2026075124,180,200,51,LNSGlobalPool,0.05,59.4916666666667,61.4222222222222,58.8481481481481,58.8611111111111,1160,849,6833.258,4966.0868,152.755,27.245,152.786666666667,27.2133333333333,162.2355181,21,2,103936,1052,40
paper2_revision_v2_20260731,ABLATION,link_hotspot,24,2026075124,180,200,51,LNSNoGuard,0.05,53.7166666666667,55.8444444444445,53.0074074074074,54.3055555555556,520,402,2411.3116,1936.1136,152.805,27.195,152.826666666667,27.1733333333333,36.2095956,0,7,21612,482,7
paper2_revision_v2_20260731,ABLATION,link_hotspot,25,2026075125,180,200,51,BudgetedLNS,0.05,52.7138888888889,49.7222222222222,53.7111111111111,52.75,237,116,1666.0102,809.9094,152.905,27.095,153.026666666667,26.9733333333333,69.7776393,1,2,21550,225,0
paper2_revision_v2_20260731,ABLATION,link_hotspot,25,2026075125,180,200,51,LNSColdStart,0.05,44.5861111111111,44.4111111111111,44.6444444444444,44.25,8999,6697,19675.4506,14820.9858,153.265,26.735,153.32,26.68,30.7194935,199,52,86,8,199
paper2_revision_v2_20260731,ABLATION,link_hotspot,25,2026075125,180,200,51,LNSGlobalPool,0.05,62.4388888888889,63.7777777777778,61.9925925925926,62.3333333333333,718,549,3444.018,2799.2496,152.7,27.3,152.733333333333,27.2666666666667,331.8995779,5,2,113994,698,18
paper2_revision_v2_20260731,ABLATION,link_hotspot,25,2026075125,180,200,51,LNSNoGuard,0.05,53.5083333333333,49.5333333333333,54.8333333333333,53.0833333333333,196,75,1270.1772,423.9,152.84,27.16,152.966666666667,27.0333333333333,68.1409587,0,3,21603,193,3
paper2_revision_v2_20260731,ABLATION,link_hotspot,26,2026075126,180,200,51,BudgetedLNS,0.05,56.1916666666667,53.0777777777778,57.2296296296297,50.3888888888889,218,89,1461.7232,643.0584,152.985,27.015,153.02,26.98,61.8628773,2,2,21478,201,1
paper2_revision_v2_20260731,ABLATION,link_hotspot,26,2026075126,180,200,51,LNSColdStart,0.05,47.225,42.8222222222222,48.6925925925926,47.7222222222222,8525,6341,18214.539,13523.5946,153.2,26.8,153.14,26.86,27.8023087,199,47,108,4,199
paper2_revision_v2_20260731,ABLATION,link_hotspot,26,2026075126,180,200,51,LNSGlobalPool,0.05,60.4055555555556,59.1222222222222,60.8333333333334,60.8611111111111,445,271,2272.6872,1344.3136,152.685,27.315,152.68,27.32,321.157835,2,2,118572,423,9
paper2_revision_v2_20260731,ABLATION,link_hotspot,26,2026075126,180,200,51,LNSNoGuard,0.05,55.3361111111111,53.7888888888889,55.8518518518518,50.6666666666667,194,60,1379.0284,513.3072,153.03,26.97,153.026666666667,26.9733333333333,59.6676007,0,4,21601,175,2
paper2_revision_v2_20260731,ABLATION,link_hotspot,27,2026075127,180,200,51,BudgetedLNS,0.05,58.7,58.7111111111111,58.6962962962963,58.8333333333333,132,74,588.891800000001,283.9922,152.735,27.265,152.693333333333,27.3066666666667,40.563779,0,0,21552,134,0
paper2_revision_v2_20260731,ABLATION,link_hotspot,27,2026075127,180,200,51,LNSColdStart,0.05,46.6333333333333,45.5555555555556,46.9925925925926,47.0555555555556,9835,7443,22582.5272,17267.0712,153.14,26.86,153.146666666667,26.8533333333333,18.4590408,199,58,77,7,199
paper2_revision_v2_20260731,ABLATION,link_hotspot,27,2026075127,180,200,51,LNSGlobalPool,0.05,60.0083333333333,60.4111111111111,59.8740740740741,59.8333333333333,286,207,1140.6136,722.7522,152.8,27.2,152.8,27.2,220.5955224,0,0,121166,285,2
paper2_revision_v2_20260731,ABLATION,link_hotspot,27,2026075127,180,200,51,LNSNoGuard,0.05,58.7,58.7111111111111,58.6962962962963,58.8333333333333,132,74,588.891800000001,283.9922,152.735,27.265,152.693333333333,27.3066666666667,41.2185918,0,0,21601,134,0
paper2_revision_v2_20260731,ABLATION,link_hotspot,28,2026075128,180,200,51,BudgetedLNS,0.05,50.6416666666666,51.4,50.3888888888889,48.8888888888889,500,417,2464.2684,2102.4286,152.615,27.385,152.62,27.38,54.6694637,2,2,21438,332,4
paper2_revision_v2_20260731,ABLATION,link_hotspot,28,2026075128,180,200,51,LNSColdStart,0.05,37.0305555555556,37.8777777777778,36.7481481481481,36.3611111111111,8714,6535,17280.124,12867.2036,153.285,26.715,153.286666666667,26.7133333333333,23.9913624,199,50,108,2,199
paper2_revision_v2_20260731,ABLATION,link_hotspot,28,2026075128,180,200,51,LNSGlobalPool,0.05,56.9805555555555,56.6,57.1074074074074,56.0,743,578,1940.888,1507.978,152.54,27.46,152.566666666667,27.4333333333333,281.5998693,3,2,116862,697,12
paper2_revision_v2_20260731,ABLATION,link_hotspot,28,2026075128,180,200,51,LNSNoGuard,0.05,50.5027777777778,51.9222222222222,50.0296296296296,47.8888888888889,470,389,2307.0418,1935.843,152.69,27.31,152.72,27.28,54.3880359,0,4,21602,324,6
paper2_revision_v2_20260731,ABLATION,link_hotspot,29,2026075129,180,200,51,BudgetedLNS,0.05,56.425,52.4444444444444,57.7518518518518,58.1388888888889,212,117,1464.0502,812.4998,152.825,27.175,152.82,27.18,37.4804221,0,0,21580,181,0
paper2_revision_v2_20260731,ABLATION,link_hotspot,29,2026075129,180,200,51,LNSColdStart,0.05,49.5833333333333,50.1333333333333,49.4,49.5,8959,6686,20665.4056,15607.5546,152.965,27.035,153.026666666667,26.9733333333333,16.4683827,199,53,108,6,199
paper2_revision_v2_20260731,ABLATION,link_hotspot,29,2026075129,180,200,51,LNSGlobalPool,0.05,60.6916666666667,60.0333333333333,60.9111111111112,61.1666666666667,560,359,2712.5036,1731.7022,152.775,27.225,152.8,27.2,198.3667112,7,4,114455,517,17
paper2_revision_v2_20260731,ABLATION,link_hotspot,29,2026075129,180,200,51,LNSNoGuard,0.05,56.4444444444444,54.3333333333333,57.1481481481482,56.8055555555556,216,115,1105.44,574.6214,152.63,27.37,152.546666666667,27.4533333333333,38.091176,0,3,21600,191,2
paper2_revision_v2_20260731,ABLATION,link_hotspot,30,2026075130,180,200,51,BudgetedLNS,0.05,54.6944444444444,54.3888888888889,54.7962962962963,55.3333333333333,317,239,2449.6396,1844.082,153.02,26.98,152.966666666667,27.0333333333333,64.4402858,1,2,21470,287,3
paper2_revision_v2_20260731,ABLATION,link_hotspot,30,2026075130,180,200,51,LNSColdStart,0.05,49.1,47.5666666666667,49.6111111111111,50.1944444444444,9121,6792,20159.0672,15136.8864,153.06,26.94,153.073333333333,26.9266666666667,27.899856,199,54,108,3,199
paper2_revision_v2_20260731,ABLATION,link_hotspot,30,2026075130,180,200,51,LNSGlobalPool,0.05,60.3194444444444,61.9666666666667,59.7703703703703,59.8611111111111,427,336,1718.6798,1256.4848,152.935,27.065,152.986666666667,27.0133333333333,352.2196333,0,0,120872,400,4
paper2_revision_v2_20260731,ABLATION,link_hotspot,30,2026075130,180,200,51,LNSNoGuard,0.05,53.4888888888889,54.3888888888889,53.1888888888889,55.0277777777778,353,275,2677.1556,2071.598,153.165,26.835,153.16,26.84,65.4167722,0,5,21603,276,2
