Protocol,Mode,Scenario,Run,Seed,N,Slots,OnsetSlot,Algorithm,BudgetFraction,MeanSatisfaction,PreOnsetMeanSatisfaction,PostOnsetMeanSatisfaction,OnsetWindowMeanSatisfaction,TotalMigrations,PostOnsetMigrations,MigrationMB,PostOnsetMigrationMB,AdmissionTransitions,RejectionTransitions,TotalPlacementStateTransitions,MeanAdmittedTasks,MeanRejectedTasks,PostMeanAdmittedTasks,PostMeanRejectedTasks,RuntimeSec,RepairOverrides,MaxBudgetExcess,CandidateEvaluations,AcceptedMoves,BudgetActiveSlots
paper2_revision_v3_transition_audit_20260906,SMOKE,compute_hotspot,1,2026074101,180,30,11,FullResched,0.05,56.1481481481482,49.5,59.4722222222222,59.4722222222222,1440,996,2269.6044,1438.791,6,22,1468,143.633333333333,36.3666666666667,139.15,40.85,0.522481,0,0,0,0,0
paper2_revision_v3_transition_audit_20260906,SMOKE,compute_hotspot,1,2026074101,180,30,11,HIVE,0.05,46.2407407407407,40.5555555555556,49.0833333333333,49.0833333333333,1612,1097,2599.3866,1514.5118,8,26,1646,144.1,35.9,139.7,40.3,41.189793,0,0,0,0,0
paper2_revision_v3_transition_audit_20260906,SMOKE,compute_hotspot,1,2026074101,180,30,11,BigMECGreedy,0.05,47.2407407407407,45.3333333333333,48.1944444444444,48.1944444444444,555,384,1039.1242,562.0182,7,25,587,143.8,36.2,139.35,40.65,0.0665496,0,0,21650,0,0
paper2_revision_v3_transition_audit_20260906,SMOKE,compute_hotspot,1,2026074101,180,30,11,BudgetedLNS,0.05,61.037037037037,56.2777777777778,63.4166666666667,63.4166666666667,68,52,179.255,77.776,3,19,90,143.566666666667,36.4333333333333,139.15,40.85,3.7290865,1,4,3190,62,1
paper2_revision_v3_transition_audit_20260906,SMOKE,compute_hotspot,2,2026074102,180,30,11,FullResched,0.05,52.9074074074074,44.9444444444444,56.8888888888889,56.8888888888889,1379,967,2309.5052,1405.6762,5,20,1404,143.9,36.1,139.3,40.7,0.4023191,0,0,0,0,0
paper2_revision_v3_transition_audit_20260906,SMOKE,compute_hotspot,2,2026074102,180,30,11,HIVE,0.05,48.8518518518519,47.8888888888889,49.3333333333333,49.3333333333333,1617,1125,2533.6672,1578.7494,8,24,1649,144.1,35.9,139.6,40.4,32.7887284,0,0,0,0,0
paper2_revision_v3_transition_audit_20260906,SMOKE,compute_hotspot,2,2026074102,180,30,11,BigMECGreedy,0.05,47.6111111111111,45.8888888888889,48.4722222222222,48.4722222222222,556,377,1096.2008,573.83,10,24,590,144.2,35.8,139.85,40.15,0.0395114,0,0,21695,0,0
paper2_revision_v3_transition_audit_20260906,SMOKE,compute_hotspot,2,2026074102,180,30,11,BudgetedLNS,0.05,63.4074074074074,53.2222222222222,68.5,68.5,52,29,159.6118,47.0504,0,14,66,143.666666666667,36.3333333333333,139,41,2.822589,1,6,3240,34,0
paper2_revision_v3_transition_audit_20260906,SMOKE,link_hotspot,1,2026075101,180,30,11,FullResched,0.05,49.8333333333333,47.3888888888889,51.0555555555556,51.0555555555556,1261,860,2803.74,1940.6588,5,7,1273,152.566666666667,27.4333333333333,152.8,27.2,0.2893218,0,0,0,0,0
paper2_revision_v3_transition_audit_20260906,SMOKE,link_hotspot,1,2026075101,180,30,11,HIVE,0.05,39.3148148148148,37.0555555555556,40.4444444444444,40.4444444444444,1552,1026,3268.6104,2137.8804,11,12,1575,153.4,26.6,153.8,26.2,23.7095591,0,0,0,0,0
paper2_revision_v3_transition_audit_20260906,SMOKE,link_hotspot,1,2026075101,180,30,11,BigMECGreedy,0.05,36.8518518518519,40.3888888888889,35.0833333333333,35.0833333333333,783,551,2041.8872,1495.3662,6,7,796,153.133333333333,26.8666666666667,153.45,26.55,0.024313,0,0,22975,0,0
paper2_revision_v3_transition_audit_20260906,SMOKE,link_hotspot,1,2026075101,180,30,11,BudgetedLNS,0.05,53.4814814814815,51.1666666666667,54.6388888888889,54.6388888888889,66,35,376.9098,183.51,2,4,72,152.5,27.5,152.65,27.35,2.0999527,0,0,3239,61,0
paper2_revision_v3_transition_audit_20260906,SMOKE,link_hotspot,2,2026075102,180,30,11,FullResched,0.05,45.5,44.8888888888889,45.8055555555556,45.8055555555556,1464,972,3270.1016,2047.3038,3,5,1472,153.233333333333,26.7666666666667,153.3,26.7,0.2882144,0,0,0,0,0
paper2_revision_v3_transition_audit_20260906,SMOKE,link_hotspot,2,2026075102,180,30,11,HIVE,0.05,45.7592592592593,47.5,44.8888888888889,44.8888888888889,1739,1166,3019.2268,2002.797,7,11,1757,152.9,27.1,153.1,26.9,22.9540322,0,0,0,0,0
paper2_revision_v3_transition_audit_20260906,SMOKE,link_hotspot,2,2026075102,180,30,11,BigMECGreedy,0.05,29.0925925925926,31.3888888888889,27.9444444444444,27.9444444444444,557,366,1359.9642,782.5712,6,8,571,153.433333333333,26.5666666666667,153.5,26.5,0.0233966,0,0,23025,0,0
paper2_revision_v3_transition_audit_20260906,SMOKE,link_hotspot,2,2026075102,180,30,11,BudgetedLNS,0.05,49.1111111111111,50.9444444444444,48.1944444444444,48.1944444444444,88,59,558.7626,369.809,2,4,94,152.966666666667,27.0333333333333,153.05,26.95,2.1360887,0,0,3157,63,0
paper2_revision_v3_transition_audit_20260906,SMOKE,coupled_hotspot,1,2026076101,180,30,11,FullResched,0.05,46.7592592592593,44.3333333333333,47.9722222222222,47.9722222222222,1519,1051,2441.2238,1533.688,4,19,1542,144.966666666667,35.0333333333333,141.2,38.8,0.2877395,0,0,0,0,0
paper2_revision_v3_transition_audit_20260906,SMOKE,coupled_hotspot,1,2026076101,180,30,11,HIVE,0.05,49.8518518518519,43.2222222222222,53.1666666666667,53.1666666666667,1716,1131,2728.0628,1540.3272,5,20,1741,144.833333333333,35.1666666666667,140.95,39.05,24.0190909,0,0,0,0,0
paper2_revision_v3_transition_audit_20260906,SMOKE,coupled_hotspot,1,2026076101,180,30,11,BigMECGreedy,0.05,36.8148148148148,32,39.2222222222222,39.2222222222222,579,394,1299.2958,590.2216,6,22,607,144.833333333333,35.1666666666667,141,39,0.0235985,0,0,21805,0,0
paper2_revision_v3_transition_audit_20260906,SMOKE,coupled_hotspot,1,2026076101,180,30,11,BudgetedLNS,0.05,56.8148148148148,50.8333333333333,59.8055555555556,59.8055555555556,77,53,247.0182,82.4876,3,18,98,144.733333333333,35.2666666666667,140.65,39.35,1.9859384,2,8,3118,70,2
paper2_revision_v3_transition_audit_20260906,SMOKE,coupled_hotspot,2,2026076102,180,30,11,FullResched,0.05,49.0740740740741,44.8333333333333,51.1944444444444,51.1944444444444,1387,962,2254.4128,1411.9802,3,16,1406,145.2,34.8,141.25,38.75,0.2926587,0,0,0,0,0
paper2_revision_v3_transition_audit_20260906,SMOKE,coupled_hotspot,2,2026076102,180,30,11,HIVE,0.05,47.037037037037,45.0555555555556,48.0277777777778,48.0277777777778,1530,999,2522.996,1432.0224,4,17,1551,144.966666666667,35.0333333333333,141.25,38.75,26.3477981,0,0,0,0,0
paper2_revision_v3_transition_audit_20260906,SMOKE,coupled_hotspot,2,2026076102,180,30,11,BigMECGreedy,0.05,45.4814814814815,37.5,49.4722222222222,49.4722222222222,732,496,1301.1962,684.5896,6,21,759,145.1,34.9,141.05,38.95,0.0233083,0,0,21835,0,0
paper2_revision_v3_transition_audit_20260906,SMOKE,coupled_hotspot,2,2026076102,180,30,11,BudgetedLNS,0.05,57.6296296296296,47.8333333333333,62.5277777777778,62.5277777777778,107,62,433.7156,93.0392,1,15,123,144.866666666667,35.1333333333333,140.7,39.3,1.9238025,2,2,3033,92,4
